[2026-05-31 15:11:28.194] === translator started ===
Successfully loaded config from "/home/triklozoid/.config/translator/config.toml"
Loaded 'primary_language': Russian
Loaded 'secondary_language': English
Loaded 'all_target_languages': ["English", "Russian", "Ukrainian", "Portuguese"]

(translator:241138): Gtk-WARNING **: 15:11:28.265: Theme parser error: gtk.css:123:137-163: Expected a valid color.

(translator:241138): Gtk-WARNING **: 15:11:28.265: Theme parser error: gtk.css:129:143-169: Expected a valid color.

(translator:241138): Gtk-WARNING **: 15:11:28.265: Theme parser error: gtk.css:155:615-641: Expected a valid color.

(translator:241138): Gtk-WARNING **: 15:11:28.265: Theme parser error: gtk.css:157:663-689: Expected a valid color.

(translator:241138): Gtk-WARNING **: 15:11:28.265: Theme parser error: gtk.css:167:356-382: Expected a valid color.

(translator:241138): Gtk-WARNING **: 15:11:28.265: Theme parser error: gtk.css:169:380-406: Expected a valid color.

(translator:241138): Gtk-WARNING **: 15:11:28.265: Theme parser error: gtk.css:173:702-728: Expected a valid color.

(translator:241138): Gtk-WARNING **: 15:11:28.265: Theme parser error: gtk.css:175:750-776: Expected a valid color.

(translator:241138): Gtk-WARNING **: 15:11:28.265: Theme parser error: gtk.css:189:55-69: Not a valid image

(translator:241138): Gtk-WARNING **: 15:11:28.265: Theme parser error: gtk.css:190:26-40: Not a valid image

(translator:241138): Gtk-WARNING **: 15:11:28.265: Theme parser error: gtk.css:200:357-373: No property named "-gtk-icon-effect"

(translator:241138): Gtk-WARNING **: 15:11:28.265: Theme parser error: gtk.css:204:589-605: No property named "-gtk-icon-effect"

(translator:241138): Gtk-WARNING **: 15:11:28.267: Theme parser error: gtk.css:390:42-61: No property named "-gtk-outline-radius"

(translator:241138): Gtk-WARNING **: 15:11:28.267: Theme parser error: gtk.css:430:814-833: No property named "-gtk-outline-radius"

(translator:241138): Gtk-WARNING **: 15:11:28.267: Theme parser error: gtk.css:432:1242-1270: No property named "-gtk-outline-top-left-radius"

(translator:241138): Gtk-WARNING **: 15:11:28.267: Theme parser error: gtk.css:432:1277-1308: No property named "-gtk-outline-bottom-left-radius"

(translator:241138): Gtk-WARNING **: 15:11:28.267: Theme parser error: gtk.css:434:1237-1266: No property named "-gtk-outline-top-right-radius"

(translator:241138): Gtk-WARNING **: 15:11:28.267: Theme parser error: gtk.css:434:1273-1305: No property named "-gtk-outline-bottom-right-radius"

(translator:241138): Gtk-WARNING **: 15:11:28.267: Theme parser error: gtk.css:436:1410-1429: No property named "-gtk-outline-radius"

(translator:241138): Gtk-WARNING **: 15:11:28.267: Theme parser error: gtk.css:438:391-410: No property named "-gtk-outline-radius"

(translator:241138): Gtk-WARNING **: 15:11:28.267: Theme parser error: gtk.css:440:1014-1042: No property named "-gtk-outline-top-left-radius"

(translator:241138): Gtk-WARNING **: 15:11:28.267: Theme parser error: gtk.css:440:1049-1078: No property named "-gtk-outline-top-right-radius"

(translator:241138): Gtk-WARNING **: 15:11:28.267: Theme parser error: gtk.css:442:1044-1075: No property named "-gtk-outline-bottom-left-radius"

(translator:241138): Gtk-WARNING **: 15:11:28.267: Theme parser error: gtk.css:442:1082-1114: No property named "-gtk-outline-bottom-right-radius"

(translator:241138): Gtk-WARNING **: 15:11:28.267: Theme parser error: gtk.css:444:464-483: No property named "-gtk-outline-radius"

(translator:241138): Gtk-WARNING **: 15:11:28.268: Theme parser error: gtk.css:577:64-90: No property named "-GtkWidget-window-dragging"

(translator:241138): Gtk-WARNING **: 15:11:28.269: Theme parser error: gtk.css:641:610-626: No property named "-gtk-icon-effect"

(translator:241138): Gtk-WARNING **: 15:11:28.270: Theme parser error: gtk.css:761:102-135: No property named "-GtkTreeView-horizontal-separator"

(translator:241138): Gtk-WARNING **: 15:11:28.270: Theme parser error: gtk.css:761:140-168: No property named "-GtkTreeView-grid-line-width"

(translator:241138): Gtk-WARNING **: 15:11:28.270: Theme parser error: gtk.css:761:173-203: No property named "-GtkTreeView-grid-line-pattern"

(translator:241138): Gtk-WARNING **: 15:11:28.270: Theme parser error: gtk.css:761:209-237: No property named "-GtkTreeView-tree-line-width"

(translator:241138): Gtk-WARNING **: 15:11:28.270: Theme parser error: gtk.css:761:242-272: No property named "-GtkTreeView-tree-line-pattern"

(translator:241138): Gtk-WARNING **: 15:11:28.270: Theme parser error: gtk.css:761:278-304: No property named "-GtkTreeView-expander-size"

(translator:241138): Gtk-WARNING **: 15:11:28.270: Theme parser error: gtk.css:838:21-47: No property named "-GtkWidget-window-dragging"

(translator:241138): Gtk-WARNING **: 15:11:28.271: Theme parser error: gtk.css:1051:102-136: No property named "-GtkScrollbar-has-backward-stepper"

(translator:241138): Gtk-WARNING **: 15:11:28.271: Theme parser error: gtk.css:1051:145-178: No property named "-GtkScrollbar-has-forward-stepper"

(translator:241138): Gtk-WARNING **: 15:11:28.272: Theme parser error: gtk.css:1315:95-114: No property named "-gtk-outline-radius"

(translator:241138): Gtk-WARNING **: 15:11:28.272: Theme parser error: gtk.css:1317:51-70: No property named "-gtk-outline-radius"

(translator:241138): Gtk-WARNING **: 15:11:28.272: Theme parser error: gtk.css:1517:50-64: Not a valid image

(translator:241138): Gtk-WARNING **: 15:11:28.272: Theme parser error: gtk.css:1519:59-73: Not a valid image

(translator:241138): Gtk-WARNING **: 15:11:28.272: Theme parser error: gtk.css:1521:53-67: Not a valid image

(translator:241138): Gtk-WARNING **: 15:11:28.272: Theme parser error: gtk.css:1523:62-76: Not a valid image

(translator:241138): Gtk-WARNING **: 15:11:28.273: Theme parser error: gtk.css:1525:51-65: Not a valid image

(translator:241138): Gtk-WARNING **: 15:11:28.273: Theme parser error: gtk.css:1527:60-74: Not a valid image

(translator:241138): Gtk-WARNING **: 15:11:28.273: Theme parser error: gtk.css:1529:52-66: Not a valid image

(translator:241138): Gtk-WARNING **: 15:11:28.273: Theme parser error: gtk.css:1531:61-75: Not a valid image

(translator:241138): Gtk-WARNING **: 15:11:28.273: Theme parser error: gtk.css:1632:715-746: No property named "-gtk-outline-bottom-left-radius"

(translator:241138): Gtk-WARNING **: 15:11:28.273: Theme parser error: gtk.css:1634:688-720: No property named "-gtk-outline-bottom-right-radius"

(translator:241138): Gtk-WARNING **: 15:11:28.273: Theme parser error: gtk.css:1706:130-149: No property named "-gtk-outline-radius"

(translator:241138): Gtk-WARNING **: 15:11:28.274: Theme parser error: gtk.css:1864:23-39: No property named "-gtk-icon-effect"

(translator:241138): Gtk-WARNING **: 15:11:28.274: Theme parser error: gtk.css:1934:42-61: No property named "-gtk-outline-radius"
Loaded last language ISO code: RU
Loaded last language: Russian
Setting up language detector with: [Russian]
Starting language detection at Instant { tv_sec: 1164117, tv_nsec: 1387155 }
Text length for detection: 1602 characters
Language detection took: 5.443767ms
Could not detect source language.
Could not detect source language -> Using primary language (Russian)
Target language remains: Russian
[2026-05-31 15:11:28.349] [Stream] translation started: generation=1, target=Russian
[2026-05-31 15:11:33.209] [Stream] consuming SSE stream (stall_timeout=60s)...
[2026-05-31 15:11:33.209] [SSE] chunk #0    | 229B raw | buf 0→229→0 | 1 event(s)
[2026-05-31 15:11:33.210] [SSE] event: 221B JSON → content from delta.content (6 chars)
[2026-05-31 15:11:33.210] [Stream] chunk #1   +0ms: 6 chars (total=6)
[2026-05-31 15:11:33.246] [SSE] chunk #1    | 237B raw | buf 0→237→0 | 1 event(s)
[2026-05-31 15:11:33.246] [SSE] event: 229B JSON → content from delta.content (14 chars)
[2026-05-31 15:11:33.246] [Stream] chunk #2   +36ms: 14 chars (total=20)
[2026-05-31 15:11:33.325] [SSE] chunk #2    | 231B raw | buf 0→231→0 | 1 event(s)
[2026-05-31 15:11:33.325] [SSE] event: 223B JSON → content from delta.content (8 chars)
[2026-05-31 15:11:33.325] [Stream] chunk #3   +115ms: 8 chars (total=28)
[2026-05-31 15:11:33.351] [SSE] chunk #3    | 230B raw | buf 0→230→0 | 1 event(s)
[2026-05-31 15:11:33.351] [SSE] event: 222B JSON → content from delta.content (5 chars)
[2026-05-31 15:11:33.351] [Stream] chunk #4   +142ms: 5 chars (total=33)
[2026-05-31 15:11:33.388] [SSE] chunk #4    | 225B raw | buf 0→225→0 | 1 event(s)
[2026-05-31 15:11:33.388] [SSE] event: 217B JSON → content from delta.content (2 chars)
[2026-05-31 15:11:33.388] [Stream] chunk #5   +178ms: 2 chars (total=35)
[2026-05-31 15:11:33.435] [SSE] chunk #5    | 225B raw | buf 0→225→0 | 1 event(s)
[2026-05-31 15:11:33.435] [SSE] event: 217B JSON → content from delta.content (2 chars)
[2026-05-31 15:11:33.436] [Stream] chunk #6   +226ms: 2 chars (total=37)
[2026-05-31 15:11:33.490] [SSE] chunk #6    | 235B raw | buf 0→235→0 | 1 event(s)
[2026-05-31 15:11:33.490] [SSE] event: 227B JSON → content from delta.content (12 chars)
[2026-05-31 15:11:33.490] [Stream] chunk #7   +280ms: 12 chars (total=49)
[2026-05-31 15:11:33.532] [SSE] chunk #7    | 227B raw | buf 0→227→0 | 1 event(s)
[2026-05-31 15:11:33.533] [SSE] event: 219B JSON → content from delta.content (4 chars)
[2026-05-31 15:11:33.533] [Stream] chunk #8   +323ms: 4 chars (total=53)
[2026-05-31 15:11:33.578] [SSE] chunk #8    | 227B raw | buf 0→227→0 | 1 event(s)
[2026-05-31 15:11:33.578] [SSE] event: 219B JSON → content from delta.content (4 chars)
[2026-05-31 15:11:33.578] [Stream] chunk #9   +368ms: 4 chars (total=57)
[2026-05-31 15:11:33.625] [SSE] chunk #9    | 225B raw | buf 0→225→0 | 1 event(s)
[2026-05-31 15:11:33.625] [SSE] event: 217B JSON → content from delta.content (2 chars)
[2026-05-31 15:11:33.625] [Stream] chunk #10  +415ms: 2 chars (total=59)
[2026-05-31 15:11:33.673] [SSE] chunk #10   | 239B raw | buf 0→239→0 | 1 event(s)
[2026-05-31 15:11:33.673] [SSE] event: 231B JSON → content from delta.content (16 chars)
[2026-05-31 15:11:33.673] [Stream] chunk #11  +463ms: 16 chars (total=75)
[2026-05-31 15:11:33.720] [SSE] chunk #11   | 227B raw | buf 0→227→0 | 1 event(s)
[2026-05-31 15:11:33.721] [SSE] event: 219B JSON → content from delta.content (4 chars)
[2026-05-31 15:11:33.721] [Stream] chunk #12  +511ms: 4 chars (total=79)
[2026-05-31 15:11:33.768] [SSE] chunk #12   | 228B raw | buf 0→228→0 | 1 event(s)
[2026-05-31 15:11:33.768] [SSE] event: 220B JSON → content from delta.content (5 chars)
[2026-05-31 15:11:33.769] [Stream] chunk #13  +559ms: 5 chars (total=84)
[2026-05-31 15:11:33.818] [SSE] chunk #13   | 228B raw | buf 0→228→0 | 1 event(s)
[2026-05-31 15:11:33.818] [SSE] event: 220B JSON → content from delta.content (5 chars)
[2026-05-31 15:11:33.818] [Stream] chunk #14  +608ms: 5 chars (total=89)
[2026-05-31 15:11:33.863] [SSE] chunk #14   | 227B raw | buf 0→227→0 | 1 event(s)
[2026-05-31 15:11:33.863] [SSE] event: 219B JSON → content from delta.content (4 chars)
[2026-05-31 15:11:33.863] [Stream] chunk #15  +653ms: 4 chars (total=93)
[2026-05-31 15:11:33.915] [SSE] chunk #15   | 230B raw | buf 0→230→0 | 1 event(s)
[2026-05-31 15:11:33.915] [SSE] event: 222B JSON → content from delta.content (7 chars)
[2026-05-31 15:11:33.915] [Stream] chunk #16  +706ms: 7 chars (total=100)
[2026-05-31 15:11:33.957] [SSE] chunk #16   | 227B raw | buf 0→227→0 | 1 event(s)
[2026-05-31 15:11:33.957] [SSE] event: 219B JSON → content from delta.content (4 chars)
[2026-05-31 15:11:33.957] [Stream] chunk #17  +747ms: 4 chars (total=104)
[2026-05-31 15:11:34.007] [SSE] chunk #17   | 225B raw | buf 0→225→0 | 1 event(s)
[2026-05-31 15:11:34.007] [SSE] event: 217B JSON → content from delta.content (2 chars)
[2026-05-31 15:11:34.007] [Stream] chunk #18  +797ms: 2 chars (total=106)
[2026-05-31 15:11:34.053] [SSE] chunk #18   | 226B raw | buf 0→226→0 | 1 event(s)
[2026-05-31 15:11:34.054] [SSE] event: 218B JSON → content from delta.content (3 chars)
[2026-05-31 15:11:34.054] [Stream] chunk #19  +844ms: 3 chars (total=109)
[2026-05-31 15:11:34.101] [SSE] chunk #19   | 243B raw | buf 0→243→0 | 1 event(s)
[2026-05-31 15:11:34.101] [SSE] event: 235B JSON → content from delta.content (20 chars)
[2026-05-31 15:11:34.101] [Stream] chunk #20  +891ms: 20 chars (total=129)
[2026-05-31 15:11:34.149] [SSE] chunk #20   | 227B raw | buf 0→227→0 | 1 event(s)
[2026-05-31 15:11:34.149] [SSE] event: 219B JSON → content from delta.content (4 chars)
[2026-05-31 15:11:34.150] [Stream] chunk #21  +940ms: 4 chars (total=133)
[2026-05-31 15:11:34.195] [SSE] chunk #21   | 230B raw | buf 0→230→0 | 1 event(s)
[2026-05-31 15:11:34.195] [SSE] event: 222B JSON → content from delta.content (7 chars)
[2026-05-31 15:11:34.195] [Stream] chunk #22  +986ms: 7 chars (total=140)
[2026-05-31 15:11:34.241] [SSE] chunk #22   | 229B raw | buf 0→229→0 | 1 event(s)
[2026-05-31 15:11:34.241] [SSE] event: 221B JSON → content from delta.content (6 chars)
[2026-05-31 15:11:34.241] [Stream] chunk #23  +1032ms: 6 chars (total=146)
[2026-05-31 15:11:34.289] [SSE] chunk #23   | 228B raw | buf 0→228→0 | 1 event(s)
[2026-05-31 15:11:34.289] [SSE] event: 220B JSON → content from delta.content (5 chars)
[2026-05-31 15:11:34.289] [Stream] chunk #24  +1079ms: 5 chars (total=151)
[2026-05-31 15:11:34.338] [SSE] chunk #24   | 231B raw | buf 0→231→0 | 1 event(s)
[2026-05-31 15:11:34.339] [SSE] event: 223B JSON → content from delta.content (8 chars)
[2026-05-31 15:11:34.339] [Stream] chunk #25  +1129ms: 8 chars (total=159)
[2026-05-31 15:11:34.386] [SSE] chunk #25   | 233B raw | buf 0→233→0 | 1 event(s)
[2026-05-31 15:11:34.386] [SSE] event: 225B JSON → content from delta.content (10 chars)
[2026-05-31 15:11:34.386] [Stream] chunk #26  +1176ms: 10 chars (total=169)
[2026-05-31 15:11:34.432] [SSE] chunk #26   | 227B raw | buf 0→227→0 | 1 event(s)
[2026-05-31 15:11:34.433] [SSE] event: 219B JSON → content from delta.content (4 chars)
[2026-05-31 15:11:34.433] [Stream] chunk #27  +1223ms: 4 chars (total=173)
[2026-05-31 15:11:34.479] [SSE] chunk #27   | 225B raw | buf 0→225→0 | 1 event(s)
[2026-05-31 15:11:34.479] [SSE] event: 217B JSON → content from delta.content (2 chars)
[2026-05-31 15:11:34.480] [Stream] chunk #28  +1270ms: 2 chars (total=175)
[2026-05-31 15:11:34.528] [SSE] chunk #28   | 226B raw | buf 0→226→0 | 1 event(s)
[2026-05-31 15:11:34.529] [SSE] event: 218B JSON → content from delta.content (3 chars)
[2026-05-31 15:11:34.529] [Stream] chunk #29  +1319ms: 3 chars (total=178)
[2026-05-31 15:11:34.576] [SSE] chunk #29   | 231B raw | buf 0→231→0 | 1 event(s)
[2026-05-31 15:11:34.576] [SSE] event: 223B JSON → content from delta.content (8 chars)
[2026-05-31 15:11:34.577] [Stream] chunk #30  +1367ms: 8 chars (total=186)
[2026-05-31 15:11:34.624] [SSE] chunk #30   | 229B raw | buf 0→229→0 | 1 event(s)
[2026-05-31 15:11:34.624] [SSE] event: 221B JSON → content from delta.content (6 chars)
[2026-05-31 15:11:34.625] [Stream] chunk #31  +1415ms: 6 chars (total=192)
[2026-05-31 15:11:34.675] [SSE] chunk #31   | 226B raw | buf 0→226→0 | 1 event(s)
[2026-05-31 15:11:34.675] [SSE] event: 218B JSON → content from delta.content (3 chars)
[2026-05-31 15:11:34.675] [Stream] chunk #32  +1465ms: 3 chars (total=195)
[2026-05-31 15:11:34.718] [SSE] chunk #32   | 227B raw | buf 0→227→0 | 1 event(s)
[2026-05-31 15:11:34.718] [SSE] event: 219B JSON → content from delta.content (4 chars)
[2026-05-31 15:11:34.718] [Stream] chunk #33  +1509ms: 4 chars (total=199)
[2026-05-31 15:11:34.768] [SSE] chunk #33   | 227B raw | buf 0→227→0 | 1 event(s)
[2026-05-31 15:11:34.768] [SSE] event: 219B JSON → content from delta.content (4 chars)
[2026-05-31 15:11:34.768] [Stream] chunk #34  +1558ms: 4 chars (total=203)
[2026-05-31 15:11:34.818] [SSE] chunk #34   | 228B raw | buf 0→228→0 | 1 event(s)
[2026-05-31 15:11:34.818] [SSE] event: 220B JSON → content from delta.content (5 chars)
[2026-05-31 15:11:34.818] [Stream] chunk #35  +1608ms: 5 chars (total=208)
[2026-05-31 15:11:34.863] [SSE] chunk #35   | 228B raw | buf 0→228→0 | 1 event(s)
[2026-05-31 15:11:34.863] [SSE] event: 220B JSON → content from delta.content (5 chars)
[2026-05-31 15:11:34.863] [Stream] chunk #36  +1653ms: 5 chars (total=213)
[2026-05-31 15:11:34.916] [SSE] chunk #36   | 227B raw | buf 0→227→0 | 1 event(s)
[2026-05-31 15:11:34.916] [SSE] event: 219B JSON → content from delta.content (4 chars)
[2026-05-31 15:11:34.916] [Stream] chunk #37  +1706ms: 4 chars (total=217)
[2026-05-31 15:11:34.958] [SSE] chunk #37   | 227B raw | buf 0→227→0 | 1 event(s)
[2026-05-31 15:11:34.958] [SSE] event: 219B JSON → content from delta.content (4 chars)
[2026-05-31 15:11:34.958] [Stream] chunk #38  +1749ms: 4 chars (total=221)
[2026-05-31 15:11:35.006] [SSE] chunk #38   | 234B raw | buf 0→234→0 | 1 event(s)
[2026-05-31 15:11:35.006] [SSE] event: 226B JSON → content from delta.content (11 chars)
[2026-05-31 15:11:35.007] [Stream] chunk #39  +1797ms: 11 chars (total=232)
[2026-05-31 15:11:35.055] [SSE] chunk #39   | 230B raw | buf 0→230→0 | 1 event(s)
[2026-05-31 15:11:35.055] [SSE] event: 222B JSON → content from delta.content (7 chars)
[2026-05-31 15:11:35.055] [Stream] chunk #40  +1845ms: 7 chars (total=239)
[2026-05-31 15:11:35.103] [SSE] chunk #40   | 236B raw | buf 0→236→0 | 1 event(s)
[2026-05-31 15:11:35.103] [SSE] event: 228B JSON → content from delta.content (13 chars)
[2026-05-31 15:11:35.103] [Stream] chunk #41  +1893ms: 13 chars (total=252)
[2026-05-31 15:11:35.153] [SSE] chunk #41   | 227B raw | buf 0→227→0 | 1 event(s)
[2026-05-31 15:11:35.153] [SSE] event: 219B JSON → content from delta.content (4 chars)
[2026-05-31 15:11:35.153] [Stream] chunk #42  +1943ms: 4 chars (total=256)
[2026-05-31 15:11:35.199] [SSE] chunk #42   | 225B raw | buf 0→225→0 | 1 event(s)
[2026-05-31 15:11:35.199] [SSE] event: 217B JSON → content from delta.content (2 chars)
[2026-05-31 15:11:35.199] [Stream] chunk #43  +1990ms: 2 chars (total=258)
[2026-05-31 15:11:35.249] [SSE] chunk #43   | 234B raw | buf 0→234→0 | 1 event(s)
[2026-05-31 15:11:35.249] [SSE] event: 226B JSON → content from delta.content (11 chars)
[2026-05-31 15:11:35.249] [Stream] chunk #44  +2039ms: 11 chars (total=269)
[2026-05-31 15:11:35.293] [SSE] chunk #44   | 227B raw | buf 0→227→0 | 1 event(s)
[2026-05-31 15:11:35.293] [SSE] event: 219B JSON → content from delta.content (4 chars)
[2026-05-31 15:11:35.293] [Stream] chunk #45  +2083ms: 4 chars (total=273)
[2026-05-31 15:11:35.342] [SSE] chunk #45   | 233B raw | buf 0→233→0 | 1 event(s)
[2026-05-31 15:11:35.342] [SSE] event: 225B JSON → content from delta.content (10 chars)
[2026-05-31 15:11:35.342] [Stream] chunk #46  +2133ms: 10 chars (total=283)
[2026-05-31 15:11:35.394] [SSE] chunk #46   | 228B raw | buf 0→228→0 | 1 event(s)
[2026-05-31 15:11:35.395] [SSE] event: 220B JSON → content from delta.content (5 chars)
[2026-05-31 15:11:35.395] [Stream] chunk #47  +2185ms: 5 chars (total=288)
[2026-05-31 15:11:35.438] [SSE] chunk #47   | 231B raw | buf 0→231→0 | 1 event(s)
[2026-05-31 15:11:35.438] [SSE] event: 223B JSON → content from delta.content (8 chars)
[2026-05-31 15:11:35.438] [Stream] chunk #48  +2229ms: 8 chars (total=296)
[2026-05-31 15:11:35.490] [SSE] chunk #48   | 227B raw | buf 0→227→0 | 1 event(s)
[2026-05-31 15:11:35.490] [SSE] event: 219B JSON → content from delta.content (4 chars)
[2026-05-31 15:11:35.490] [Stream] chunk #49  +2280ms: 4 chars (total=300)
[2026-05-31 15:11:35.531] [SSE] chunk #49   | 229B raw | buf 0→229→0 | 1 event(s)
[2026-05-31 15:11:35.532] [SSE] event: 221B JSON → content from delta.content (6 chars)
[2026-05-31 15:11:35.532] [Stream] chunk #50  +2322ms: 6 chars (total=306)
[2026-05-31 15:11:35.583] [SSE] chunk #50   | 227B raw | buf 0→227→0 | 1 event(s)
[2026-05-31 15:11:35.584] [SSE] event: 219B JSON → content from delta.content (4 chars)
[2026-05-31 15:11:35.584] [Stream] chunk #51  +2374ms: 4 chars (total=310)
[2026-05-31 15:11:35.638] [SSE] chunk #51   | 232B raw | buf 0→232→0 | 1 event(s)
[2026-05-31 15:11:35.639] [SSE] event: 224B JSON → content from delta.content (9 chars)
[2026-05-31 15:11:35.639] [Stream] chunk #52  +2429ms: 9 chars (total=319)
[2026-05-31 15:11:35.683] [SSE] chunk #52   | 225B raw | buf 0→225→0 | 1 event(s)
[2026-05-31 15:11:35.683] [SSE] event: 217B JSON → content from delta.content (2 chars)
[2026-05-31 15:11:35.683] [Stream] chunk #53  +2473ms: 2 chars (total=321)
[2026-05-31 15:11:35.812] [SSE] chunk #53   | 229B raw | buf 0→229→0 | 1 event(s)
[2026-05-31 15:11:35.813] [SSE] event: 221B JSON → content from delta.content (6 chars)
[2026-05-31 15:11:35.813] [Stream] chunk #54  +2603ms: 6 chars (total=327)
[2026-05-31 15:11:35.840] [SSE] chunk #54   | 230B raw | buf 0→230→0 | 1 event(s)
[2026-05-31 15:11:35.840] [SSE] event: 222B JSON → content from delta.content (7 chars)
[2026-05-31 15:11:35.840] [Stream] chunk #55  +2631ms: 7 chars (total=334)
[2026-05-31 15:11:35.879] [SSE] chunk #55   | 233B raw | buf 0→233→0 | 1 event(s)
[2026-05-31 15:11:35.879] [SSE] event: 225B JSON → content from delta.content (10 chars)
[2026-05-31 15:11:35.879] [Stream] chunk #56  +2669ms: 10 chars (total=344)
[2026-05-31 15:11:35.929] [SSE] chunk #56   | 229B raw | buf 0→229→0 | 1 event(s)
[2026-05-31 15:11:35.929] [SSE] event: 221B JSON → content from delta.content (6 chars)
[2026-05-31 15:11:35.929] [Stream] chunk #57  +2719ms: 6 chars (total=350)
[2026-05-31 15:11:35.974] [SSE] chunk #57   | 233B raw | buf 0→233→0 | 1 event(s)
[2026-05-31 15:11:35.974] [SSE] event: 225B JSON → content from delta.content (10 chars)
[2026-05-31 15:11:35.974] [Stream] chunk #58  +2764ms: 10 chars (total=360)
[2026-05-31 15:11:36.020] [SSE] chunk #58   | 228B raw | buf 0→228→0 | 1 event(s)
[2026-05-31 15:11:36.020] [SSE] event: 220B JSON → content from delta.content (5 chars)
[2026-05-31 15:11:36.020] [Stream] chunk #59  +2811ms: 5 chars (total=365)
[2026-05-31 15:11:36.073] [SSE] chunk #59   | 231B raw | buf 0→231→0 | 1 event(s)
[2026-05-31 15:11:36.073] [SSE] event: 223B JSON → content from delta.content (8 chars)
[2026-05-31 15:11:36.073] [Stream] chunk #60  +2863ms: 8 chars (total=373)
[2026-05-31 15:11:36.116] [SSE] chunk #60   | 230B raw | buf 0→230→0 | 1 event(s)
[2026-05-31 15:11:36.116] [SSE] event: 222B JSON → content from delta.content (7 chars)
[2026-05-31 15:11:36.116] [Stream] chunk #61  +2906ms: 7 chars (total=380)
[2026-05-31 15:11:36.167] [SSE] chunk #61   | 225B raw | buf 0→225→0 | 1 event(s)
[2026-05-31 15:11:36.167] [SSE] event: 217B JSON → content from delta.content (2 chars)
[2026-05-31 15:11:36.167] [Stream] chunk #62  +2958ms: 2 chars (total=382)
[2026-05-31 15:11:36.209] [SSE] chunk #62   | 227B raw | buf 0→227→0 | 1 event(s)
[2026-05-31 15:11:36.209] [SSE] event: 219B JSON → content from delta.content (4 chars)
[2026-05-31 15:11:36.209] [Stream] chunk #63  +3000ms: 4 chars (total=386)
[2026-05-31 15:11:36.255] [SSE] chunk #63   | 229B raw | buf 0→229→0 | 1 event(s)
[2026-05-31 15:11:36.255] [SSE] event: 221B JSON → content from delta.content (6 chars)
[2026-05-31 15:11:36.255] [Stream] chunk #64  +3046ms: 6 chars (total=392)
[2026-05-31 15:11:36.302] [SSE] chunk #64   | 230B raw | buf 0→230→0 | 1 event(s)
[2026-05-31 15:11:36.302] [SSE] event: 222B JSON → content from delta.content (7 chars)
[2026-05-31 15:11:36.303] [Stream] chunk #65  +3093ms: 7 chars (total=399)
[2026-05-31 15:11:36.350] [SSE] chunk #65   | 229B raw | buf 0→229→0 | 1 event(s)
[2026-05-31 15:11:36.350] [SSE] event: 221B JSON → content from delta.content (6 chars)
[2026-05-31 15:11:36.350] [Stream] chunk #66  +3140ms: 6 chars (total=405)
[2026-05-31 15:11:36.397] [SSE] chunk #66   | 233B raw | buf 0→233→0 | 1 event(s)
[2026-05-31 15:11:36.397] [SSE] event: 225B JSON → content from delta.content (10 chars)
[2026-05-31 15:11:36.397] [Stream] chunk #67  +3187ms: 10 chars (total=415)
[2026-05-31 15:11:36.445] [SSE] chunk #67   | 227B raw | buf 0→227→0 | 1 event(s)
[2026-05-31 15:11:36.445] [SSE] event: 219B JSON → content from delta.content (4 chars)
[2026-05-31 15:11:36.446] [Stream] chunk #68  +3236ms: 4 chars (total=419)
[2026-05-31 15:11:36.495] [SSE] chunk #68   | 232B raw | buf 0→232→0 | 1 event(s)
[2026-05-31 15:11:36.495] [SSE] event: 224B JSON → content from delta.content (9 chars)
[2026-05-31 15:11:36.495] [Stream] chunk #69  +3286ms: 9 chars (total=428)
[2026-05-31 15:11:36.544] [SSE] chunk #69   | 229B raw | buf 0→229→0 | 1 event(s)
[2026-05-31 15:11:36.544] [SSE] event: 221B JSON → content from delta.content (6 chars)
[2026-05-31 15:11:36.544] [Stream] chunk #70  +3335ms: 6 chars (total=434)
[2026-05-31 15:11:36.591] [SSE] chunk #70   | 227B raw | buf 0→227→0 | 1 event(s)
[2026-05-31 15:11:36.592] [SSE] event: 219B JSON → content from delta.content (4 chars)
[2026-05-31 15:11:36.592] [Stream] chunk #71  +3382ms: 4 chars (total=438)
[2026-05-31 15:11:36.641] [SSE] chunk #71   | 225B raw | buf 0→225→0 | 1 event(s)
[2026-05-31 15:11:36.641] [SSE] event: 217B JSON → content from delta.content (2 chars)
[2026-05-31 15:11:36.641] [Stream] chunk #72  +3431ms: 2 chars (total=440)
[2026-05-31 15:11:36.687] [SSE] chunk #72   | 240B raw | buf 0→240→0 | 1 event(s)
[2026-05-31 15:11:36.687] [SSE] event: 232B JSON → content from delta.content (17 chars)
[2026-05-31 15:11:36.687] [Stream] chunk #73  +3477ms: 17 chars (total=457)
[2026-05-31 15:11:36.742] [SSE] chunk #73   | 227B raw | buf 0→227→0 | 1 event(s)
[2026-05-31 15:11:36.742] [SSE] event: 219B JSON → content from delta.content (4 chars)
[2026-05-31 15:11:36.742] [Stream] chunk #74  +3533ms: 4 chars (total=461)
[2026-05-31 15:11:36.780] [SSE] chunk #74   | 227B raw | buf 0→227→0 | 1 event(s)
[2026-05-31 15:11:36.780] [SSE] event: 219B JSON → content from delta.content (4 chars)
[2026-05-31 15:11:36.780] [Stream] chunk #75  +3570ms: 4 chars (total=465)
[2026-05-31 15:11:36.826] [SSE] chunk #75   | 229B raw | buf 0→229→0 | 1 event(s)
[2026-05-31 15:11:36.826] [SSE] event: 221B JSON → content from delta.content (6 chars)
[2026-05-31 15:11:36.826] [Stream] chunk #76  +3616ms: 6 chars (total=471)
[2026-05-31 15:11:36.884] [SSE] chunk #76   | 227B raw | buf 0→227→0 | 1 event(s)
[2026-05-31 15:11:36.884] [SSE] event: 219B JSON → content from delta.content (4 chars)
[2026-05-31 15:11:36.884] [Stream] chunk #77  +3674ms: 4 chars (total=475)
[2026-05-31 15:11:36.920] [SSE] chunk #77   | 233B raw | buf 0→233→0 | 1 event(s)
[2026-05-31 15:11:36.920] [SSE] event: 225B JSON → content from delta.content (10 chars)
[2026-05-31 15:11:36.920] [Stream] chunk #78  +3711ms: 10 chars (total=485)
[2026-05-31 15:11:36.993] [SSE] chunk #78   | 230B raw | buf 0→230→0 | 1 event(s)
[2026-05-31 15:11:36.993] [SSE] event: 222B JSON → content from delta.content (7 chars)
[2026-05-31 15:11:36.993] [Stream] chunk #79  +3783ms: 7 chars (total=492)
[2026-05-31 15:11:37.022] [SSE] chunk #79   | 227B raw | buf 0→227→0 | 1 event(s)
[2026-05-31 15:11:37.022] [SSE] event: 219B JSON → content from delta.content (4 chars)
[2026-05-31 15:11:37.022] [Stream] chunk #80  +3812ms: 4 chars (total=496)
[2026-05-31 15:11:37.072] [SSE] chunk #80   | 233B raw | buf 0→233→0 | 1 event(s)
[2026-05-31 15:11:37.072] [SSE] event: 225B JSON → content from delta.content (10 chars)
[2026-05-31 15:11:37.072] [Stream] chunk #81  +3862ms: 10 chars (total=506)
[2026-05-31 15:11:37.115] [SSE] chunk #81   | 227B raw | buf 0→227→0 | 1 event(s)
[2026-05-31 15:11:37.115] [SSE] event: 219B JSON → content from delta.content (4 chars)
[2026-05-31 15:11:37.115] [Stream] chunk #82  +3906ms: 4 chars (total=510)
[2026-05-31 15:11:37.162] [SSE] chunk #82   | 227B raw | buf 0→227→0 | 1 event(s)
[2026-05-31 15:11:37.162] [SSE] event: 219B JSON → content from delta.content (4 chars)
[2026-05-31 15:11:37.162] [Stream] chunk #83  +3952ms: 4 chars (total=514)
[2026-05-31 15:11:37.208] [SSE] chunk #83   | 231B raw | buf 0→231→0 | 1 event(s)
[2026-05-31 15:11:37.208] [SSE] event: 223B JSON → content from delta.content (8 chars)
[2026-05-31 15:11:37.208] [Stream] chunk #84  +3999ms: 8 chars (total=522)
[2026-05-31 15:11:37.257] [SSE] chunk #84   | 233B raw | buf 0→233→0 | 1 event(s)
[2026-05-31 15:11:37.258] [SSE] event: 225B JSON → content from delta.content (10 chars)
[2026-05-31 15:11:37.258] [Stream] chunk #85  +4048ms: 10 chars (total=532)
[2026-05-31 15:11:37.306] [SSE] chunk #85   | 233B raw | buf 0→233→0 | 1 event(s)
[2026-05-31 15:11:37.306] [SSE] event: 225B JSON → content from delta.content (10 chars)
[2026-05-31 15:11:37.306] [Stream] chunk #86  +4096ms: 10 chars (total=542)
[2026-05-31 15:11:37.355] [SSE] chunk #86   | 229B raw | buf 0→229→0 | 1 event(s)
[2026-05-31 15:11:37.355] [SSE] event: 221B JSON → content from delta.content (6 chars)
[2026-05-31 15:11:37.355] [Stream] chunk #87  +4146ms: 6 chars (total=548)
[2026-05-31 15:11:37.406] [SSE] chunk #87   | 229B raw | buf 0→229→0 | 1 event(s)
[2026-05-31 15:11:37.406] [SSE] event: 221B JSON → content from delta.content (6 chars)
[2026-05-31 15:11:37.406] [Stream] chunk #88  +4196ms: 6 chars (total=554)
[2026-05-31 15:11:37.457] [SSE] chunk #88   | 226B raw | buf 0→226→0 | 1 event(s)
[2026-05-31 15:11:37.457] [SSE] event: 218B JSON → content from delta.content (3 chars)
[2026-05-31 15:11:37.457] [Stream] chunk #89  +4248ms: 3 chars (total=557)
[2026-05-31 15:11:37.501] [SSE] chunk #89   | 229B raw | buf 0→229→0 | 1 event(s)
[2026-05-31 15:11:37.501] [SSE] event: 221B JSON → content from delta.content (6 chars)
[2026-05-31 15:11:37.501] [Stream] chunk #90  +4291ms: 6 chars (total=563)
[2026-05-31 15:11:37.544] [SSE] chunk #90   | 227B raw | buf 0→227→0 | 1 event(s)
[2026-05-31 15:11:37.544] [SSE] event: 219B JSON → content from delta.content (4 chars)
[2026-05-31 15:11:37.544] [Stream] chunk #91  +4335ms: 4 chars (total=567)
[2026-05-31 15:11:37.591] [SSE] chunk #91   | 225B raw | buf 0→225→0 | 1 event(s)
[2026-05-31 15:11:37.591] [SSE] event: 217B JSON → content from delta.content (2 chars)
[2026-05-31 15:11:37.591] [Stream] chunk #92  +4381ms: 2 chars (total=569)
[2026-05-31 15:11:37.640] [SSE] chunk #92   | 236B raw | buf 0→236→0 | 1 event(s)
[2026-05-31 15:11:37.641] [SSE] event: 228B JSON → content from delta.content (13 chars)
[2026-05-31 15:11:37.641] [Stream] chunk #93  +4431ms: 13 chars (total=582)
[2026-05-31 15:11:37.687] [SSE] chunk #93   | 225B raw | buf 0→225→0 | 1 event(s)
[2026-05-31 15:11:37.687] [SSE] event: 217B JSON → content from delta.content (2 chars)
[2026-05-31 15:11:37.687] [Stream] chunk #94  +4477ms: 2 chars (total=584)
[2026-05-31 15:11:37.740] [SSE] chunk #94   | 233B raw | buf 0→233→0 | 1 event(s)
[2026-05-31 15:11:37.740] [SSE] event: 225B JSON → content from delta.content (10 chars)
[2026-05-31 15:11:37.740] [Stream] chunk #95  +4531ms: 10 chars (total=594)
[2026-05-31 15:11:37.783] [SSE] chunk #95   | 227B raw | buf 0→227→0 | 1 event(s)
[2026-05-31 15:11:37.783] [SSE] event: 219B JSON → content from delta.content (4 chars)
[2026-05-31 15:11:37.784] [Stream] chunk #96  +4574ms: 4 chars (total=598)
[2026-05-31 15:11:37.830] [SSE] chunk #96   | 235B raw | buf 0→235→0 | 1 event(s)
[2026-05-31 15:11:37.830] [SSE] event: 227B JSON → content from delta.content (12 chars)
[2026-05-31 15:11:37.830] [Stream] chunk #97  +4621ms: 12 chars (total=610)
[2026-05-31 15:11:37.882] [SSE] chunk #97   | 235B raw | buf 0→235→0 | 1 event(s)
[2026-05-31 15:11:37.882] [SSE] event: 227B JSON → content from delta.content (10 chars)
[2026-05-31 15:11:37.882] [Stream] chunk #98  +4672ms: 10 chars (total=620)
[2026-05-31 15:11:37.925] [SSE] chunk #98   | 227B raw | buf 0→227→0 | 1 event(s)
[2026-05-31 15:11:37.925] [SSE] event: 219B JSON → content from delta.content (4 chars)
[2026-05-31 15:11:37.925] [Stream] chunk #99  +4716ms: 4 chars (total=624)
[2026-05-31 15:11:37.972] [SSE] chunk #99   | 227B raw | buf 0→227→0 | 1 event(s)
[2026-05-31 15:11:37.972] [SSE] event: 219B JSON → content from delta.content (4 chars)
[2026-05-31 15:11:37.972] [Stream] chunk #100 +4762ms: 4 chars (total=628)
[2026-05-31 15:11:38.024] [SSE] chunk #100  | 227B raw | buf 0→227→0 | 1 event(s)
[2026-05-31 15:11:38.024] [SSE] event: 219B JSON → content from delta.content (4 chars)
[2026-05-31 15:11:38.024] [Stream] chunk #101 +4814ms: 4 chars (total=632)
[2026-05-31 15:11:38.068] [SSE] chunk #101  | 227B raw | buf 0→227→0 | 1 event(s)
[2026-05-31 15:11:38.068] [SSE] event: 219B JSON → content from delta.content (4 chars)
[2026-05-31 15:11:38.068] [Stream] chunk #102 +4858ms: 4 chars (total=636)
[2026-05-31 15:11:38.117] [SSE] chunk #102  | 228B raw | buf 0→228→0 | 1 event(s)
[2026-05-31 15:11:38.117] [SSE] event: 220B JSON → content from delta.content (5 chars)
[2026-05-31 15:11:38.117] [Stream] chunk #103 +4907ms: 5 chars (total=641)
[2026-05-31 15:11:38.164] [SSE] chunk #103  | 227B raw | buf 0→227→0 | 1 event(s)
[2026-05-31 15:11:38.164] [SSE] event: 219B JSON → content from delta.content (4 chars)
[2026-05-31 15:11:38.165] [Stream] chunk #104 +4955ms: 4 chars (total=645)
[2026-05-31 15:11:38.214] [SSE] chunk #104  | 232B raw | buf 0→232→0 | 1 event(s)
[2026-05-31 15:11:38.215] [SSE] event: 224B JSON → content from delta.content (9 chars)
[2026-05-31 15:11:38.215] [Stream] chunk #105 +5005ms: 9 chars (total=654)
[2026-05-31 15:11:38.257] [SSE] chunk #105  | 227B raw | buf 0→227→0 | 1 event(s)
[2026-05-31 15:11:38.258] [SSE] event: 219B JSON → content from delta.content (4 chars)
[2026-05-31 15:11:38.258] [Stream] chunk #106 +5048ms: 4 chars (total=658)
[2026-05-31 15:11:38.305] [SSE] chunk #106  | 227B raw | buf 0→227→0 | 1 event(s)
[2026-05-31 15:11:38.305] [SSE] event: 219B JSON → content from delta.content (4 chars)
[2026-05-31 15:11:38.305] [Stream] chunk #107 +5096ms: 4 chars (total=662)
[2026-05-31 15:11:38.352] [SSE] chunk #107  | 229B raw | buf 0→229→0 | 1 event(s)
[2026-05-31 15:11:38.352] [SSE] event: 221B JSON → content from delta.content (6 chars)
[2026-05-31 15:11:38.352] [Stream] chunk #108 +5142ms: 6 chars (total=668)
[2026-05-31 15:11:38.436] [SSE] chunk #108  | 241B raw | buf 0→241→0 | 1 event(s)
[2026-05-31 15:11:38.436] [SSE] event: 233B JSON → content from delta.content (18 chars)
[2026-05-31 15:11:38.436] [Stream] chunk #109 +5226ms: 18 chars (total=686)
[2026-05-31 15:11:38.465] [SSE] chunk #109  | 225B raw | buf 0→225→0 | 1 event(s)
[2026-05-31 15:11:38.465] [SSE] event: 217B JSON → content from delta.content (2 chars)
[2026-05-31 15:11:38.465] [Stream] chunk #110 +5255ms: 2 chars (total=688)
[2026-05-31 15:11:38.501] [SSE] chunk #110  | 227B raw | buf 0→227→0 | 1 event(s)
[2026-05-31 15:11:38.501] [SSE] event: 219B JSON → content from delta.content (4 chars)
[2026-05-31 15:11:38.501] [Stream] chunk #111 +5292ms: 4 chars (total=692)
[2026-05-31 15:11:38.545] [SSE] chunk #111  | 243B raw | buf 0→243→0 | 1 event(s)
[2026-05-31 15:11:38.545] [SSE] event: 235B JSON → content from delta.content (20 chars)
[2026-05-31 15:11:38.545] [Stream] chunk #112 +5336ms: 20 chars (total=712)
[2026-05-31 15:11:38.595] [SSE] chunk #112  | 227B raw | buf 0→227→0 | 1 event(s)
[2026-05-31 15:11:38.595] [SSE] event: 219B JSON → content from delta.content (4 chars)
[2026-05-31 15:11:38.595] [Stream] chunk #113 +5386ms: 4 chars (total=716)
[2026-05-31 15:11:38.639] [SSE] chunk #113  | 230B raw | buf 0→230→0 | 1 event(s)
[2026-05-31 15:11:38.640] [SSE] event: 222B JSON → content from delta.content (7 chars)
[2026-05-31 15:11:38.640] [Stream] chunk #114 +5430ms: 7 chars (total=723)
[2026-05-31 15:11:38.690] [SSE] chunk #114  | 227B raw | buf 0→227→0 | 1 event(s)
[2026-05-31 15:11:38.690] [SSE] event: 219B JSON → content from delta.content (4 chars)
[2026-05-31 15:11:38.690] [Stream] chunk #115 +5480ms: 4 chars (total=727)
[2026-05-31 15:11:38.736] [SSE] chunk #115  | 230B raw | buf 0→230→0 | 1 event(s)
[2026-05-31 15:11:38.736] [SSE] event: 222B JSON → content from delta.content (7 chars)
[2026-05-31 15:11:38.736] [Stream] chunk #116 +5527ms: 7 chars (total=734)
[2026-05-31 15:11:38.785] [SSE] chunk #116  | 227B raw | buf 0→227→0 | 1 event(s)
[2026-05-31 15:11:38.786] [SSE] event: 219B JSON → content from delta.content (4 chars)
[2026-05-31 15:11:38.786] [Stream] chunk #117 +5576ms: 4 chars (total=738)
[2026-05-31 15:11:38.864] [SSE] chunk #117  | 226B raw | buf 0→226→0 | 1 event(s)
[2026-05-31 15:11:38.864] [SSE] event: 218B JSON → content from delta.content (3 chars)
[2026-05-31 15:11:38.864] [Stream] chunk #118 +5655ms: 3 chars (total=741)
[2026-05-31 15:11:39.090] [SSE] chunk #118  | 229B raw | buf 0→229→0 | 1 event(s)
[2026-05-31 15:11:39.090] [SSE] event: 221B JSON → content from delta.content (6 chars)
[2026-05-31 15:11:39.090] [Stream] chunk #119 +5880ms: 6 chars (total=747)
[2026-05-31 15:11:39.090] [SSE] chunk #119  | 232B raw | buf 0→232→0 | 1 event(s)
[2026-05-31 15:11:39.090] [SSE] event: 224B JSON → content from delta.content (9 chars)
[2026-05-31 15:11:39.091] [Stream] chunk #120 +5881ms: 9 chars (total=756)
[2026-05-31 15:11:39.091] [SSE] chunk #120  | 229B raw | buf 0→229→0 | 1 event(s)
[2026-05-31 15:11:39.091] [SSE] event: 221B JSON → content from delta.content (6 chars)
[2026-05-31 15:11:39.091] [Stream] chunk #121 +5881ms: 6 chars (total=762)
[2026-05-31 15:11:39.131] [SSE] chunk #121  | 226B raw | buf 0→226→0 | 1 event(s)
[2026-05-31 15:11:39.131] [SSE] event: 218B JSON → content from delta.content (3 chars)
[2026-05-31 15:11:39.131] [Stream] chunk #122 +5922ms: 3 chars (total=765)
[2026-05-31 15:11:39.172] [SSE] chunk #122  | 235B raw | buf 0→235→0 | 1 event(s)
[2026-05-31 15:11:39.173] [SSE] event: 227B JSON → content from delta.content (12 chars)
[2026-05-31 15:11:39.173] [Stream] chunk #123 +5963ms: 12 chars (total=777)
[2026-05-31 15:11:39.396] [SSE] chunk #123  | 239B raw | buf 0→239→0 | 1 event(s)
[2026-05-31 15:11:39.396] [SSE] event: 231B JSON → content from delta.content (16 chars)
[2026-05-31 15:11:39.396] [Stream] chunk #124 +6187ms: 16 chars (total=793)
[2026-05-31 15:11:39.403] [SSE] chunk #124  | 229B raw | buf 0→229→0 | 1 event(s)
[2026-05-31 15:11:39.403] [SSE] event: 221B JSON → content from delta.content (6 chars)
[2026-05-31 15:11:39.403] [Stream] chunk #125 +6193ms: 6 chars (total=799)
[2026-05-31 15:11:39.461] [SSE] chunk #125  | 227B raw | buf 0→227→0 | 1 event(s)
[2026-05-31 15:11:39.461] [SSE] event: 219B JSON → content from delta.content (4 chars)
[2026-05-31 15:11:39.461] [Stream] chunk #126 +6252ms: 4 chars (total=803)
[2026-05-31 15:11:39.553] [SSE] chunk #126  | 234B raw | buf 0→234→0 | 1 event(s)
[2026-05-31 15:11:39.553] [SSE] event: 226B JSON → content from delta.content (11 chars)
[2026-05-31 15:11:39.553] [Stream] chunk #127 +6343ms: 11 chars (total=814)
[2026-05-31 15:11:39.583] [SSE] chunk #127  | 237B raw | buf 0→237→0 | 1 event(s)
[2026-05-31 15:11:39.583] [SSE] event: 229B JSON → content from delta.content (14 chars)
[2026-05-31 15:11:39.583] [Stream] chunk #128 +6373ms: 14 chars (total=828)
[2026-05-31 15:11:39.598] [SSE] chunk #128  | 225B raw | buf 0→225→0 | 1 event(s)
[2026-05-31 15:11:39.599] [SSE] event: 217B JSON → content from delta.content (2 chars)
[2026-05-31 15:11:39.599] [Stream] chunk #129 +6389ms: 2 chars (total=830)
[2026-05-31 15:11:39.641] [SSE] chunk #129  | 229B raw | buf 0→229→0 | 1 event(s)
[2026-05-31 15:11:39.641] [SSE] event: 221B JSON → content from delta.content (6 chars)
[2026-05-31 15:11:39.641] [Stream] chunk #130 +6431ms: 6 chars (total=836)
[2026-05-31 15:11:39.689] [SSE] chunk #130  | 235B raw | buf 0→235→0 | 1 event(s)
[2026-05-31 15:11:39.689] [SSE] event: 227B JSON → content from delta.content (12 chars)
[2026-05-31 15:11:39.689] [Stream] chunk #131 +6479ms: 12 chars (total=848)
[2026-05-31 15:11:39.734] [SSE] chunk #131  | 224B raw | buf 0→224→0 | 1 event(s)
[2026-05-31 15:11:39.734] [SSE] event: 216B JSON → content from delta.content (1 chars)
[2026-05-31 15:11:39.734] [Stream] chunk #132 +6525ms: 1 chars (total=849)
[2026-05-31 15:11:39.782] [SSE] chunk #132  | 237B raw | buf 0→237→0 | 1 event(s)
[2026-05-31 15:11:39.782] [SSE] event: 229B JSON → content from delta.content (14 chars)
[2026-05-31 15:11:39.782] [Stream] chunk #133 +6573ms: 14 chars (total=863)
[2026-05-31 15:11:39.826] [SSE] chunk #133  | 228B raw | buf 0→228→0 | 1 event(s)
[2026-05-31 15:11:39.826] [SSE] event: 220B JSON → content from delta.content (5 chars)
[2026-05-31 15:11:39.826] [Stream] chunk #134 +6616ms: 5 chars (total=868)
[2026-05-31 15:11:39.874] [SSE] chunk #134  | 227B raw | buf 0→227→0 | 1 event(s)
[2026-05-31 15:11:39.874] [SSE] event: 219B JSON → content from delta.content (4 chars)
[2026-05-31 15:11:39.874] [Stream] chunk #135 +6664ms: 4 chars (total=872)
[2026-05-31 15:11:39.921] [SSE] chunk #135  | 231B raw | buf 0→231→0 | 1 event(s)
[2026-05-31 15:11:39.921] [SSE] event: 223B JSON → content from delta.content (8 chars)
[2026-05-31 15:11:39.921] [Stream] chunk #136 +6711ms: 8 chars (total=880)
[2026-05-31 15:11:39.972] [SSE] chunk #136  | 226B raw | buf 0→226→0 | 1 event(s)
[2026-05-31 15:11:39.972] [SSE] event: 218B JSON → content from delta.content (3 chars)
[2026-05-31 15:11:39.972] [Stream] chunk #137 +6762ms: 3 chars (total=883)
[2026-05-31 15:11:40.019] [SSE] chunk #137  | 228B raw | buf 0→228→0 | 1 event(s)
[2026-05-31 15:11:40.019] [SSE] event: 220B JSON → content from delta.content (5 chars)
[2026-05-31 15:11:40.019] [Stream] chunk #138 +6809ms: 5 chars (total=888)
[2026-05-31 15:11:40.063] [SSE] chunk #138  | 225B raw | buf 0→225→0 | 1 event(s)
[2026-05-31 15:11:40.063] [SSE] event: 217B JSON → content from delta.content (2 chars)
[2026-05-31 15:11:40.063] [Stream] chunk #139 +6853ms: 2 chars (total=890)
[2026-05-31 15:11:40.116] [SSE] chunk #139  | 229B raw | buf 0→229→0 | 1 event(s)
[2026-05-31 15:11:40.116] [SSE] event: 221B JSON → content from delta.content (6 chars)
[2026-05-31 15:11:40.117] [Stream] chunk #140 +6907ms: 6 chars (total=896)
[2026-05-31 15:11:40.157] [SSE] chunk #140  | 228B raw | buf 0→228→0 | 1 event(s)
[2026-05-31 15:11:40.157] [SSE] event: 220B JSON → content from delta.content (5 chars)
[2026-05-31 15:11:40.157] [Stream] chunk #141 +6948ms: 5 chars (total=901)
[2026-05-31 15:11:40.207] [SSE] chunk #141  | 227B raw | buf 0→227→0 | 1 event(s)
[2026-05-31 15:11:40.207] [SSE] event: 219B JSON → content from delta.content (4 chars)
[2026-05-31 15:11:40.207] [Stream] chunk #142 +6997ms: 4 chars (total=905)
[2026-05-31 15:11:40.253] [SSE] chunk #142  | 227B raw | buf 0→227→0 | 1 event(s)
[2026-05-31 15:11:40.253] [SSE] event: 219B JSON → content from delta.content (4 chars)
[2026-05-31 15:11:40.253] [Stream] chunk #143 +7044ms: 4 chars (total=909)
[2026-05-31 15:11:40.320] [SSE] chunk #143  | 229B raw | buf 0→229→0 | 1 event(s)
[2026-05-31 15:11:40.321] [SSE] event: 221B JSON → content from delta.content (6 chars)
[2026-05-31 15:11:40.321] [Stream] chunk #144 +7111ms: 6 chars (total=915)
[2026-05-31 15:11:40.354] [SSE] chunk #144  | 233B raw | buf 0→233→0 | 1 event(s)
[2026-05-31 15:11:40.354] [SSE] event: 225B JSON → content from delta.content (10 chars)
[2026-05-31 15:11:40.354] [Stream] chunk #145 +7144ms: 10 chars (total=925)
[2026-05-31 15:11:40.399] [SSE] chunk #145  | 227B raw | buf 0→227→0 | 1 event(s)
[2026-05-31 15:11:40.399] [SSE] event: 219B JSON → content from delta.content (4 chars)
[2026-05-31 15:11:40.399] [Stream] chunk #146 +7189ms: 4 chars (total=929)
[2026-05-31 15:11:40.441] [SSE] chunk #146  | 229B raw | buf 0→229→0 | 1 event(s)
[2026-05-31 15:11:40.441] [SSE] event: 221B JSON → content from delta.content (6 chars)
[2026-05-31 15:11:40.441] [Stream] chunk #147 +7232ms: 6 chars (total=935)
[2026-05-31 15:11:40.487] [SSE] chunk #147  | 227B raw | buf 0→227→0 | 1 event(s)
[2026-05-31 15:11:40.487] [SSE] event: 219B JSON → content from delta.content (4 chars)
[2026-05-31 15:11:40.487] [Stream] chunk #148 +7278ms: 4 chars (total=939)
[2026-05-31 15:11:40.535] [SSE] chunk #148  | 229B raw | buf 0→229→0 | 1 event(s)
[2026-05-31 15:11:40.535] [SSE] event: 221B JSON → content from delta.content (6 chars)
[2026-05-31 15:11:40.535] [Stream] chunk #149 +7325ms: 6 chars (total=945)
[2026-05-31 15:11:40.587] [SSE] chunk #149  | 226B raw | buf 0→226→0 | 1 event(s)
[2026-05-31 15:11:40.587] [SSE] event: 218B JSON → content from delta.content (3 chars)
[2026-05-31 15:11:40.587] [Stream] chunk #150 +7378ms: 3 chars (total=948)
[2026-05-31 15:11:40.628] [SSE] chunk #150  | 227B raw | buf 0→227→0 | 1 event(s)
[2026-05-31 15:11:40.628] [SSE] event: 219B JSON → content from delta.content (4 chars)
[2026-05-31 15:11:40.628] [Stream] chunk #151 +7418ms: 4 chars (total=952)
[2026-05-31 15:11:40.675] [SSE] chunk #151  | 229B raw | buf 0→229→0 | 1 event(s)
[2026-05-31 15:11:40.675] [SSE] event: 221B JSON → content from delta.content (6 chars)
[2026-05-31 15:11:40.675] [Stream] chunk #152 +7465ms: 6 chars (total=958)
[2026-05-31 15:11:40.724] [SSE] chunk #152  | 229B raw | buf 0→229→0 | 1 event(s)
[2026-05-31 15:11:40.724] [SSE] event: 221B JSON → content from delta.content (6 chars)
[2026-05-31 15:11:40.724] [Stream] chunk #153 +7515ms: 6 chars (total=964)
[2026-05-31 15:11:40.779] [SSE] chunk #153  | 227B raw | buf 0→227→0 | 1 event(s)
[2026-05-31 15:11:40.779] [SSE] event: 219B JSON → content from delta.content (4 chars)
[2026-05-31 15:11:40.779] [Stream] chunk #154 +7569ms: 4 chars (total=968)
[2026-05-31 15:11:40.819] [SSE] chunk #154  | 229B raw | buf 0→229→0 | 1 event(s)
[2026-05-31 15:11:40.819] [SSE] event: 221B JSON → content from delta.content (6 chars)
[2026-05-31 15:11:40.819] [Stream] chunk #155 +7610ms: 6 chars (total=974)
[2026-05-31 15:11:40.866] [SSE] chunk #155  | 226B raw | buf 0→226→0 | 1 event(s)
[2026-05-31 15:11:40.866] [SSE] event: 218B JSON → content from delta.content (3 chars)
[2026-05-31 15:11:40.866] [Stream] chunk #156 +7656ms: 3 chars (total=977)
[2026-05-31 15:11:40.914] [SSE] chunk #156  | 227B raw | buf 0→227→0 | 1 event(s)
[2026-05-31 15:11:40.914] [SSE] event: 219B JSON → content from delta.content (4 chars)
[2026-05-31 15:11:40.914] [Stream] chunk #157 +7705ms: 4 chars (total=981)
[2026-05-31 15:11:40.962] [SSE] chunk #157  | 227B raw | buf 0→227→0 | 1 event(s)
[2026-05-31 15:11:40.962] [SSE] event: 219B JSON → content from delta.content (4 chars)
[2026-05-31 15:11:40.962] [Stream] chunk #158 +7752ms: 4 chars (total=985)
[2026-05-31 15:11:41.010] [SSE] chunk #158  | 229B raw | buf 0→229→0 | 1 event(s)
[2026-05-31 15:11:41.010] [SSE] event: 221B JSON → content from delta.content (6 chars)
[2026-05-31 15:11:41.010] [Stream] chunk #159 +7800ms: 6 chars (total=991)
[2026-05-31 15:11:41.056] [SSE] chunk #159  | 229B raw | buf 0→229→0 | 1 event(s)
[2026-05-31 15:11:41.057] [SSE] event: 221B JSON → content from delta.content (6 chars)
[2026-05-31 15:11:41.057] [Stream] chunk #160 +7847ms: 6 chars (total=997)
[2026-05-31 15:11:41.130] [SSE] chunk #160  | 240B raw | buf 0→240→0 | 1 event(s)
[2026-05-31 15:11:41.131] [SSE] event: 232B JSON → content from delta.content (17 chars)
[2026-05-31 15:11:41.131] [Stream] chunk #161 +7921ms: 17 chars (total=1014)
[2026-05-31 15:11:41.164] [SSE] chunk #161  | 226B raw | buf 0→226→0 | 1 event(s)
[2026-05-31 15:11:41.164] [SSE] event: 218B JSON → content from delta.content (3 chars)
[2026-05-31 15:11:41.164] [Stream] chunk #162 +7954ms: 3 chars (total=1017)
[2026-05-31 15:11:41.215] [SSE] chunk #162  | 227B raw | buf 0→227→0 | 1 event(s)
[2026-05-31 15:11:41.215] [SSE] event: 219B JSON → content from delta.content (4 chars)
[2026-05-31 15:11:41.215] [Stream] chunk #163 +8005ms: 4 chars (total=1021)
[2026-05-31 15:11:41.246] [SSE] chunk #163  | 230B raw | buf 0→230→0 | 1 event(s)
[2026-05-31 15:11:41.246] [SSE] event: 222B JSON → content from delta.content (7 chars)
[2026-05-31 15:11:41.246] [Stream] chunk #164 +8036ms: 7 chars (total=1028)
[2026-05-31 15:11:41.399] [SSE] chunk #164  | 231B raw | buf 0→231→0 | 1 event(s)
[2026-05-31 15:11:41.400] [SSE] event: 223B JSON → content from delta.content (8 chars)
[2026-05-31 15:11:41.400] [Stream] chunk #165 +8190ms: 8 chars (total=1036)
[2026-05-31 15:11:41.650] [SSE] chunk #165  | 236B raw | buf 0→236→0 | 1 event(s)
[2026-05-31 15:11:41.650] [SSE] event: 228B JSON → content from delta.content (13 chars)
[2026-05-31 15:11:41.650] [Stream] chunk #166 +8440ms: 13 chars (total=1049)
[2026-05-31 15:11:41.650] [SSE] chunk #166  | 227B raw | buf 0→227→0 | 1 event(s)
[2026-05-31 15:11:41.650] [SSE] event: 219B JSON → content from delta.content (4 chars)
[2026-05-31 15:11:41.650] [Stream] chunk #167 +8440ms: 4 chars (total=1053)
[2026-05-31 15:11:41.697] [SSE] chunk #167  | 230B raw | buf 0→230→0 | 1 event(s)
[2026-05-31 15:11:41.697] [SSE] event: 222B JSON → content from delta.content (7 chars)
[2026-05-31 15:11:41.697] [Stream] chunk #168 +8487ms: 7 chars (total=1060)
[2026-05-31 15:11:41.764] [SSE] chunk #168  | 231B raw | buf 0→231→0 | 1 event(s)
[2026-05-31 15:11:41.764] [SSE] event: 223B JSON → content from delta.content (8 chars)
[2026-05-31 15:11:41.764] [Stream] chunk #169 +8554ms: 8 chars (total=1068)
[2026-05-31 15:11:41.799] [SSE] chunk #169  | 231B raw | buf 0→231→0 | 1 event(s)
[2026-05-31 15:11:41.800] [SSE] event: 223B JSON → content from delta.content (8 chars)
[2026-05-31 15:11:41.800] [Stream] chunk #170 +8590ms: 8 chars (total=1076)
[2026-05-31 15:11:41.848] [SSE] chunk #170  | 229B raw | buf 0→229→0 | 1 event(s)
[2026-05-31 15:11:41.848] [SSE] event: 221B JSON → content from delta.content (6 chars)
[2026-05-31 15:11:41.848] [Stream] chunk #171 +8638ms: 6 chars (total=1082)
[2026-05-31 15:11:41.904] [SSE] chunk #171  | 230B raw | buf 0→230→0 | 1 event(s)
[2026-05-31 15:11:41.904] [SSE] event: 222B JSON → content from delta.content (7 chars)
[2026-05-31 15:11:41.904] [Stream] chunk #172 +8695ms: 7 chars (total=1089)
[2026-05-31 15:11:41.947] [SSE] chunk #172  | 226B raw | buf 0→226→0 | 1 event(s)
[2026-05-31 15:11:41.948] [SSE] event: 218B JSON → content from delta.content (3 chars)
[2026-05-31 15:11:41.948] [Stream] chunk #173 +8738ms: 3 chars (total=1092)
[2026-05-31 15:11:41.998] [SSE] chunk #173  | 227B raw | buf 0→227→0 | 1 event(s)
[2026-05-31 15:11:41.998] [SSE] event: 219B JSON → content from delta.content (4 chars)
[2026-05-31 15:11:41.998] [Stream] chunk #174 +8789ms: 4 chars (total=1096)
[2026-05-31 15:11:42.079] [SSE] chunk #174  | 232B raw | buf 0→232→0 | 1 event(s)
[2026-05-31 15:11:42.079] [SSE] event: 224B JSON → content from delta.content (9 chars)
[2026-05-31 15:11:42.079] [Stream] chunk #175 +8869ms: 9 chars (total=1105)
[2026-05-31 15:11:42.098] [SSE] chunk #175  | 227B raw | buf 0→227→0 | 1 event(s)
[2026-05-31 15:11:42.098] [SSE] event: 219B JSON → content from delta.content (4 chars)
[2026-05-31 15:11:42.098] [Stream] chunk #176 +8889ms: 4 chars (total=1109)
[2026-05-31 15:11:42.146] [SSE] chunk #176  | 229B raw | buf 0→229→0 | 1 event(s)
[2026-05-31 15:11:42.146] [SSE] event: 221B JSON → content from delta.content (6 chars)
[2026-05-31 15:11:42.146] [Stream] chunk #177 +8936ms: 6 chars (total=1115)
[2026-05-31 15:11:42.196] [SSE] chunk #177  | 228B raw | buf 0→228→0 | 1 event(s)
[2026-05-31 15:11:42.196] [SSE] event: 220B JSON → content from delta.content (5 chars)
[2026-05-31 15:11:42.196] [Stream] chunk #178 +8986ms: 5 chars (total=1120)
[2026-05-31 15:11:42.246] [SSE] chunk #178  | 226B raw | buf 0→226→0 | 1 event(s)
[2026-05-31 15:11:42.246] [SSE] event: 218B JSON → content from delta.content (3 chars)
[2026-05-31 15:11:42.246] [Stream] chunk #179 +9036ms: 3 chars (total=1123)
[2026-05-31 15:11:42.294] [SSE] chunk #179  | 227B raw | buf 0→227→0 | 1 event(s)
[2026-05-31 15:11:42.294] [SSE] event: 219B JSON → content from delta.content (4 chars)
[2026-05-31 15:11:42.294] [Stream] chunk #180 +9084ms: 4 chars (total=1127)
[2026-05-31 15:11:42.344] [SSE] chunk #180  | 227B raw | buf 0→227→0 | 1 event(s)
[2026-05-31 15:11:42.344] [SSE] event: 219B JSON → content from delta.content (4 chars)
[2026-05-31 15:11:42.344] [Stream] chunk #181 +9135ms: 4 chars (total=1131)
[2026-05-31 15:11:42.393] [SSE] chunk #181  | 231B raw | buf 0→231→0 | 1 event(s)
[2026-05-31 15:11:42.393] [SSE] event: 223B JSON → content from delta.content (8 chars)
[2026-05-31 15:11:42.393] [Stream] chunk #182 +9184ms: 8 chars (total=1139)
[2026-05-31 15:11:42.571] [SSE] chunk #182  | 227B raw | buf 0→227→0 | 1 event(s)
[2026-05-31 15:11:42.571] [SSE] event: 219B JSON → content from delta.content (4 chars)
[2026-05-31 15:11:42.571] [Stream] chunk #183 +9362ms: 4 chars (total=1143)
[2026-05-31 15:11:42.572] [SSE] chunk #183  | 227B raw | buf 0→227→0 | 1 event(s)
[2026-05-31 15:11:42.572] [SSE] event: 219B JSON → content from delta.content (4 chars)
[2026-05-31 15:11:42.572] [Stream] chunk #184 +9362ms: 4 chars (total=1147)
[2026-05-31 15:11:42.619] [SSE] chunk #184  | 231B raw | buf 0→231→0 | 1 event(s)
[2026-05-31 15:11:42.619] [SSE] event: 223B JSON → content from delta.content (8 chars)
[2026-05-31 15:11:42.619] [Stream] chunk #185 +9410ms: 8 chars (total=1155)
[2026-05-31 15:11:42.674] [SSE] chunk #185  | 227B raw | buf 0→227→0 | 1 event(s)
[2026-05-31 15:11:42.674] [SSE] event: 219B JSON → content from delta.content (4 chars)
[2026-05-31 15:11:42.674] [Stream] chunk #186 +9465ms: 4 chars (total=1159)
[2026-05-31 15:11:42.717] [SSE] chunk #186  | 236B raw | buf 0→236→0 | 1 event(s)
[2026-05-31 15:11:42.717] [SSE] event: 228B JSON → content from delta.content (13 chars)
[2026-05-31 15:11:42.717] [Stream] chunk #187 +9507ms: 13 chars (total=1172)
[2026-05-31 15:11:42.767] [SSE] chunk #187  | 227B raw | buf 0→227→0 | 1 event(s)
[2026-05-31 15:11:42.767] [SSE] event: 219B JSON → content from delta.content (4 chars)
[2026-05-31 15:11:42.767] [Stream] chunk #188 +9557ms: 4 chars (total=1176)
[2026-05-31 15:11:42.817] [SSE] chunk #188  | 235B raw | buf 0→235→0 | 1 event(s)
[2026-05-31 15:11:42.818] [SSE] event: 227B JSON → content from delta.content (12 chars)
[2026-05-31 15:11:42.818] [Stream] chunk #189 +9608ms: 12 chars (total=1188)
[2026-05-31 15:11:42.870] [SSE] chunk #189  | 226B raw | buf 0→226→0 | 1 event(s)
[2026-05-31 15:11:42.870] [SSE] event: 218B JSON → content from delta.content (3 chars)
[2026-05-31 15:11:42.870] [Stream] chunk #190 +9660ms: 3 chars (total=1191)
[2026-05-31 15:11:42.926] [SSE] chunk #190  | 235B raw | buf 0→235→0 | 1 event(s)
[2026-05-31 15:11:42.926] [SSE] event: 227B JSON → content from delta.content (12 chars)
[2026-05-31 15:11:42.926] [Stream] chunk #191 +9716ms: 12 chars (total=1203)
[2026-05-31 15:11:42.979] [SSE] chunk #191  | 230B raw | buf 0→230→0 | 1 event(s)
[2026-05-31 15:11:42.979] [SSE] event: 222B JSON → content from delta.content (7 chars)
[2026-05-31 15:11:42.979] [Stream] chunk #192 +9770ms: 7 chars (total=1210)
[2026-05-31 15:11:43.052] [SSE] chunk #192  | 225B raw | buf 0→225→0 | 1 event(s)
[2026-05-31 15:11:43.052] [SSE] event: 217B JSON → content from delta.content (2 chars)
[2026-05-31 15:11:43.052] [Stream] chunk #193 +9842ms: 2 chars (total=1212)
[2026-05-31 15:11:43.103] [SSE] chunk #193  | 229B raw | buf 0→229→0 | 1 event(s)
[2026-05-31 15:11:43.103] [SSE] event: 221B JSON → content from delta.content (6 chars)
[2026-05-31 15:11:43.103] [Stream] chunk #194 +9893ms: 6 chars (total=1218)
[2026-05-31 15:11:43.154] [SSE] chunk #194  | 235B raw | buf 0→235→0 | 1 event(s)
[2026-05-31 15:11:43.154] [SSE] event: 227B JSON → content from delta.content (12 chars)
[2026-05-31 15:11:43.154] [Stream] chunk #195 +9945ms: 12 chars (total=1230)
[2026-05-31 15:11:43.202] [SSE] chunk #195  | 229B raw | buf 0→229→0 | 1 event(s)
[2026-05-31 15:11:43.202] [SSE] event: 221B JSON → content from delta.content (6 chars)
[2026-05-31 15:11:43.202] [Stream] chunk #196 +9993ms: 6 chars (total=1236)
[2026-05-31 15:11:43.283] [SSE] chunk #196  | 232B raw | buf 0→232→0 | 1 event(s)
[2026-05-31 15:11:43.283] [SSE] event: 224B JSON → content from delta.content (9 chars)
[2026-05-31 15:11:43.283] [Stream] chunk #197 +10074ms: 9 chars (total=1245)
[2026-05-31 15:11:43.326] [SSE] chunk #197  | 227B raw | buf 0→227→0 | 1 event(s)
[2026-05-31 15:11:43.327] [SSE] event: 219B JSON → content from delta.content (4 chars)
[2026-05-31 15:11:43.327] [Stream] chunk #198 +10117ms: 4 chars (total=1249)
[2026-05-31 15:11:43.403] [SSE] chunk #198  | 225B raw | buf 0→225→0 | 1 event(s)
[2026-05-31 15:11:43.403] [SSE] event: 217B JSON → content from delta.content (2 chars)
[2026-05-31 15:11:43.403] [Stream] chunk #199 +10193ms: 2 chars (total=1251)
[2026-05-31 15:11:43.452] [SSE] chunk #199  | 235B raw | buf 0→235→0 | 1 event(s)
[2026-05-31 15:11:43.453] [SSE] event: 227B JSON → content from delta.content (12 chars)
[2026-05-31 15:11:43.453] [Stream] chunk #200 +10243ms: 12 chars (total=1263)
[2026-05-31 15:11:43.520] [SSE] chunk #200  | 227B raw | buf 0→227→0 | 1 event(s)
[2026-05-31 15:11:43.520] [SSE] event: 219B JSON → content from delta.content (4 chars)
[2026-05-31 15:11:43.520] [Stream] chunk #201 +10311ms: 4 chars (total=1267)
[2026-05-31 15:11:43.579] [SSE] chunk #201  | 227B raw | buf 0→227→0 | 1 event(s)
[2026-05-31 15:11:43.579] [SSE] event: 219B JSON → content from delta.content (4 chars)
[2026-05-31 15:11:43.579] [Stream] chunk #202 +10369ms: 4 chars (total=1271)
[2026-05-31 15:11:43.642] [SSE] chunk #202  | 229B raw | buf 0→229→0 | 1 event(s)
[2026-05-31 15:11:43.642] [SSE] event: 221B JSON → content from delta.content (6 chars)
[2026-05-31 15:11:43.642] [Stream] chunk #203 +10432ms: 6 chars (total=1277)
[2026-05-31 15:11:43.704] [SSE] chunk #203  | 232B raw | buf 0→232→0 | 1 event(s)
[2026-05-31 15:11:43.704] [SSE] event: 224B JSON → content from delta.content (9 chars)
[2026-05-31 15:11:43.704] [Stream] chunk #204 +10495ms: 9 chars (total=1286)
[2026-05-31 15:11:43.784] [SSE] chunk #204  | 233B raw | buf 0→233→0 | 1 event(s)
[2026-05-31 15:11:43.784] [SSE] event: 225B JSON → content from delta.content (10 chars)
[2026-05-31 15:11:43.784] [Stream] chunk #205 +10574ms: 10 chars (total=1296)
[2026-05-31 15:11:43.835] [SSE] chunk #205  | 230B raw | buf 0→230→0 | 1 event(s)
[2026-05-31 15:11:43.835] [SSE] event: 222B JSON → content from delta.content (7 chars)
[2026-05-31 15:11:43.835] [Stream] chunk #206 +10625ms: 7 chars (total=1303)
[2026-05-31 15:11:43.898] [SSE] chunk #206  | 229B raw | buf 0→229→0 | 1 event(s)
[2026-05-31 15:11:43.898] [SSE] event: 221B JSON → content from delta.content (6 chars)
[2026-05-31 15:11:43.898] [Stream] chunk #207 +10688ms: 6 chars (total=1309)
[2026-05-31 15:11:43.969] [SSE] chunk #207  | 243B raw | buf 0→243→0 | 1 event(s)
[2026-05-31 15:11:43.969] [SSE] event: 235B JSON → content from delta.content (20 chars)
[2026-05-31 15:11:43.969] [Stream] chunk #208 +10760ms: 20 chars (total=1329)
[2026-05-31 15:11:44.021] [SSE] chunk #208  | 228B raw | buf 0→228→0 | 1 event(s)
[2026-05-31 15:11:44.021] [SSE] event: 220B JSON → content from delta.content (5 chars)
[2026-05-31 15:11:44.021] [Stream] chunk #209 +10811ms: 5 chars (total=1334)
[2026-05-31 15:11:44.086] [SSE] chunk #209  | 226B raw | buf 0→226→0 | 1 event(s)
[2026-05-31 15:11:44.086] [SSE] event: 218B JSON → content from delta.content (3 chars)
[2026-05-31 15:11:44.086] [Stream] chunk #210 +10876ms: 3 chars (total=1337)
[2026-05-31 15:11:44.146] [SSE] chunk #210  | 229B raw | buf 0→229→0 | 1 event(s)
[2026-05-31 15:11:44.146] [SSE] event: 221B JSON → content from delta.content (6 chars)
[2026-05-31 15:11:44.146] [Stream] chunk #211 +10936ms: 6 chars (total=1343)
[2026-05-31 15:11:44.209] [SSE] chunk #211  | 229B raw | buf 0→229→0 | 1 event(s)
[2026-05-31 15:11:44.209] [SSE] event: 221B JSON → content from delta.content (6 chars)
[2026-05-31 15:11:44.209] [Stream] chunk #212 +10999ms: 6 chars (total=1349)
[2026-05-31 15:11:44.276] [SSE] chunk #212  | 227B raw | buf 0→227→0 | 1 event(s)
[2026-05-31 15:11:44.276] [SSE] event: 219B JSON → content from delta.content (4 chars)
[2026-05-31 15:11:44.276] [Stream] chunk #213 +11066ms: 4 chars (total=1353)
[2026-05-31 15:11:44.335] [SSE] chunk #213  | 230B raw | buf 0→230→0 | 1 event(s)
[2026-05-31 15:11:44.335] [SSE] event: 222B JSON → content from delta.content (7 chars)
[2026-05-31 15:11:44.335] [Stream] chunk #214 +11125ms: 7 chars (total=1360)
[2026-05-31 15:11:44.397] [SSE] chunk #214  | 229B raw | buf 0→229→0 | 1 event(s)
[2026-05-31 15:11:44.397] [SSE] event: 221B JSON → content from delta.content (6 chars)
[2026-05-31 15:11:44.397] [Stream] chunk #215 +11187ms: 6 chars (total=1366)
[2026-05-31 15:11:44.466] [SSE] chunk #215  | 229B raw | buf 0→229→0 | 1 event(s)
[2026-05-31 15:11:44.466] [SSE] event: 221B JSON → content from delta.content (6 chars)
[2026-05-31 15:11:44.466] [Stream] chunk #216 +11256ms: 6 chars (total=1372)
[2026-05-31 15:11:44.525] [SSE] chunk #216  | 233B raw | buf 0→233→0 | 1 event(s)
[2026-05-31 15:11:44.525] [SSE] event: 225B JSON → content from delta.content (10 chars)
[2026-05-31 15:11:44.525] [Stream] chunk #217 +11316ms: 10 chars (total=1382)
[2026-05-31 15:11:44.586] [SSE] chunk #217  | 229B raw | buf 0→229→0 | 1 event(s)
[2026-05-31 15:11:44.586] [SSE] event: 221B JSON → content from delta.content (6 chars)
[2026-05-31 15:11:44.586] [Stream] chunk #218 +11376ms: 6 chars (total=1388)
[2026-05-31 15:11:44.655] [SSE] chunk #218  | 238B raw | buf 0→238→0 | 1 event(s)
[2026-05-31 15:11:44.655] [SSE] event: 230B JSON → content from delta.content (15 chars)
[2026-05-31 15:11:44.655] [Stream] chunk #219 +11445ms: 15 chars (total=1403)
[2026-05-31 15:11:44.730] [SSE] chunk #219  | 234B raw | buf 0→234→0 | 1 event(s)
[2026-05-31 15:11:44.730] [SSE] event: 226B JSON → content from delta.content (11 chars)
[2026-05-31 15:11:44.730] [Stream] chunk #220 +11520ms: 11 chars (total=1414)
[2026-05-31 15:11:44.776] [SSE] chunk #220  | 229B raw | buf 0→229→0 | 1 event(s)
[2026-05-31 15:11:44.776] [SSE] event: 221B JSON → content from delta.content (6 chars)
[2026-05-31 15:11:44.776] [Stream] chunk #221 +11567ms: 6 chars (total=1420)
[2026-05-31 15:11:44.840] [SSE] chunk #221  | 233B raw | buf 0→233→0 | 1 event(s)
[2026-05-31 15:11:44.840] [SSE] event: 225B JSON → content from delta.content (10 chars)
[2026-05-31 15:11:44.840] [Stream] chunk #222 +11630ms: 10 chars (total=1430)
[2026-05-31 15:11:44.898] [SSE] chunk #222  | 230B raw | buf 0→230→0 | 1 event(s)
[2026-05-31 15:11:44.899] [SSE] event: 222B JSON → content from delta.content (7 chars)
[2026-05-31 15:11:44.899] [Stream] chunk #223 +11689ms: 7 chars (total=1437)
[2026-05-31 15:11:44.962] [SSE] chunk #223  | 228B raw | buf 0→228→0 | 1 event(s)
[2026-05-31 15:11:44.962] [SSE] event: 220B JSON → content from delta.content (5 chars)
[2026-05-31 15:11:44.962] [Stream] chunk #224 +11752ms: 5 chars (total=1442)
[2026-05-31 15:11:45.027] [SSE] chunk #224  | 230B raw | buf 0→230→0 | 1 event(s)
[2026-05-31 15:11:45.027] [SSE] event: 222B JSON → content from delta.content (7 chars)
[2026-05-31 15:11:45.027] [Stream] chunk #225 +11818ms: 7 chars (total=1449)
[2026-05-31 15:11:45.100] [SSE] chunk #225  | 224B raw | buf 0→224→0 | 1 event(s)
[2026-05-31 15:11:45.100] [SSE] event: 216B JSON → content from delta.content (1 chars)
[2026-05-31 15:11:45.100] [Stream] chunk #226 +11890ms: 1 chars (total=1450)
[2026-05-31 15:11:45.150] [SSE] chunk #226  | 226B raw | buf 0→226→0 | 1 event(s)
[2026-05-31 15:11:45.150] [SSE] event: 218B JSON → content from delta.content (3 chars)
[2026-05-31 15:11:45.150] [Stream] chunk #227 +11940ms: 3 chars (total=1453)
[2026-05-31 15:11:45.216] [SSE] chunk #227  | 231B raw | buf 0→231→0 | 1 event(s)
[2026-05-31 15:11:45.216] [SSE] event: 223B JSON → content from delta.content (8 chars)
[2026-05-31 15:11:45.216] [Stream] chunk #228 +12007ms: 8 chars (total=1461)
[2026-05-31 15:11:45.276] [SSE] chunk #228  | 227B raw | buf 0→227→0 | 1 event(s)
[2026-05-31 15:11:45.276] [SSE] event: 219B JSON → content from delta.content (4 chars)
[2026-05-31 15:11:45.277] [Stream] chunk #229 +12067ms: 4 chars (total=1465)
[2026-05-31 15:11:45.339] [SSE] chunk #229  | 229B raw | buf 0→229→0 | 1 event(s)
[2026-05-31 15:11:45.339] [SSE] event: 221B JSON → content from delta.content (6 chars)
[2026-05-31 15:11:45.339] [Stream] chunk #230 +12130ms: 6 chars (total=1471)
[2026-05-31 15:11:45.403] [SSE] chunk #230  | 225B raw | buf 0→225→0 | 1 event(s)
[2026-05-31 15:11:45.403] [SSE] event: 217B JSON → content from delta.content (2 chars)
[2026-05-31 15:11:45.403] [Stream] chunk #231 +12193ms: 2 chars (total=1473)
[2026-05-31 15:11:45.464] [SSE] chunk #231  | 244B raw | buf 0→244→0 | 1 event(s)
[2026-05-31 15:11:45.465] [SSE] event: 236B JSON → content from delta.content (21 chars)
[2026-05-31 15:11:45.465] [Stream] chunk #232 +12255ms: 21 chars (total=1494)
[2026-05-31 15:11:45.530] [SSE] chunk #232  | 224B raw | buf 0→224→0 | 1 event(s)
[2026-05-31 15:11:45.530] [SSE] event: 216B JSON → content from delta.content (1 chars)
[2026-05-31 15:11:45.530] [Stream] chunk #233 +12320ms: 1 chars (total=1495)
[2026-05-31 15:11:45.596] [SSE] chunk #233  | 230B raw | buf 0→230→0 | 1 event(s)
[2026-05-31 15:11:45.596] [SSE] event: 222B JSON → content from delta.content (7 chars)
[2026-05-31 15:11:45.596] [Stream] chunk #234 +12386ms: 7 chars (total=1502)
[2026-05-31 15:11:45.656] [SSE] chunk #234  | 225B raw | buf 0→225→0 | 1 event(s)
[2026-05-31 15:11:45.657] [SSE] event: 217B JSON → content from delta.content (2 chars)
[2026-05-31 15:11:45.657] [Stream] chunk #235 +12447ms: 2 chars (total=1504)
[2026-05-31 15:11:45.716] [SSE] chunk #235  | 230B raw | buf 0→230→0 | 1 event(s)
[2026-05-31 15:11:45.716] [SSE] event: 222B JSON → content from delta.content (7 chars)
[2026-05-31 15:11:45.716] [Stream] chunk #236 +12506ms: 7 chars (total=1511)
[2026-05-31 15:11:45.780] [SSE] chunk #236  | 230B raw | buf 0→230→0 | 1 event(s)
[2026-05-31 15:11:45.780] [SSE] event: 222B JSON → content from delta.content (7 chars)
[2026-05-31 15:11:45.780] [Stream] chunk #237 +12571ms: 7 chars (total=1518)
[2026-05-31 15:11:45.845] [SSE] chunk #237  | 229B raw | buf 0→229→0 | 1 event(s)
[2026-05-31 15:11:45.845] [SSE] event: 221B JSON → content from delta.content (6 chars)
[2026-05-31 15:11:45.845] [Stream] chunk #238 +12636ms: 6 chars (total=1524)
[2026-05-31 15:11:45.908] [SSE] chunk #238  | 230B raw | buf 0→230→0 | 1 event(s)
[2026-05-31 15:11:45.908] [SSE] event: 222B JSON → content from delta.content (7 chars)
[2026-05-31 15:11:45.908] [Stream] chunk #239 +12698ms: 7 chars (total=1531)
[2026-05-31 15:11:45.968] [SSE] chunk #239  | 227B raw | buf 0→227→0 | 1 event(s)
[2026-05-31 15:11:45.968] [SSE] event: 219B JSON → content from delta.content (4 chars)
[2026-05-31 15:11:45.968] [Stream] chunk #240 +12759ms: 4 chars (total=1535)
[2026-05-31 15:11:46.032] [SSE] chunk #240  | 230B raw | buf 0→230→0 | 1 event(s)
[2026-05-31 15:11:46.033] [SSE] event: 222B JSON → content from delta.content (7 chars)
[2026-05-31 15:11:46.033] [Stream] chunk #241 +12823ms: 7 chars (total=1542)
[2026-05-31 15:11:46.103] [SSE] chunk #241  | 227B raw | buf 0→227→0 | 1 event(s)
[2026-05-31 15:11:46.103] [SSE] event: 219B JSON → content from delta.content (4 chars)
[2026-05-31 15:11:46.103] [Stream] chunk #242 +12893ms: 4 chars (total=1546)
[2026-05-31 15:11:46.200] [SSE] chunk #242  | 226B raw | buf 0→226→0 | 1 event(s)
[2026-05-31 15:11:46.201] [SSE] event: 218B JSON → content from delta.content (3 chars)
[2026-05-31 15:11:46.201] [Stream] chunk #243 +12991ms: 3 chars (total=1549)
[2026-05-31 15:11:46.232] [SSE] chunk #243  | 225B raw | buf 0→225→0 | 1 event(s)
[2026-05-31 15:11:46.232] [SSE] event: 217B JSON → content from delta.content (2 chars)
[2026-05-31 15:11:46.232] [Stream] chunk #244 +13022ms: 2 chars (total=1551)
[2026-05-31 15:11:46.286] [SSE] chunk #244  | 233B raw | buf 0→233→0 | 1 event(s)
[2026-05-31 15:11:46.286] [SSE] event: 225B JSON → content from delta.content (10 chars)
[2026-05-31 15:11:46.287] [Stream] chunk #245 +13077ms: 10 chars (total=1561)
[2026-05-31 15:11:46.369] [SSE] chunk #245  | 225B raw | buf 0→225→0 | 1 event(s)
[2026-05-31 15:11:46.369] [SSE] event: 217B JSON → content from delta.content (2 chars)
[2026-05-31 15:11:46.369] [Stream] chunk #246 +13160ms: 2 chars (total=1563)
[2026-05-31 15:11:46.431] [SSE] chunk #246  | 229B raw | buf 0→229→0 | 1 event(s)
[2026-05-31 15:11:46.431] [SSE] event: 221B JSON → content from delta.content (6 chars)
[2026-05-31 15:11:46.431] [Stream] chunk #247 +13221ms: 6 chars (total=1569)
[2026-05-31 15:11:46.500] [SSE] chunk #247  | 226B raw | buf 0→226→0 | 1 event(s)
[2026-05-31 15:11:46.501] [SSE] event: 218B JSON → content from delta.content (3 chars)
[2026-05-31 15:11:46.501] [Stream] chunk #248 +13291ms: 3 chars (total=1572)
[2026-05-31 15:11:46.576] [SSE] chunk #248  | 232B raw | buf 0→232→0 | 1 event(s)
[2026-05-31 15:11:46.576] [SSE] event: 224B JSON → content from delta.content (9 chars)
[2026-05-31 15:11:46.576] [Stream] chunk #249 +13366ms: 9 chars (total=1581)
[2026-05-31 15:11:46.621] [SSE] chunk #249  | 234B raw | buf 0→234→0 | 1 event(s)
[2026-05-31 15:11:46.621] [SSE] event: 226B JSON → content from delta.content (11 chars)
[2026-05-31 15:11:46.621] [Stream] chunk #250 +13412ms: 11 chars (total=1592)
[2026-05-31 15:11:46.656] [SSE] chunk #250  | 228B raw | buf 0→228→0 | 1 event(s)
[2026-05-31 15:11:46.656] [SSE] event: 220B JSON → content from delta.content (5 chars)
[2026-05-31 15:11:46.656] [Stream] chunk #251 +13447ms: 5 chars (total=1597)
[2026-05-31 15:11:46.707] [SSE] chunk #251  | 230B raw | buf 0→230→0 | 1 event(s)
[2026-05-31 15:11:46.707] [SSE] event: 222B JSON → content from delta.content (7 chars)
[2026-05-31 15:11:46.707] [Stream] chunk #252 +13498ms: 7 chars (total=1604)
[2026-05-31 15:11:46.757] [SSE] chunk #252  | 226B raw | buf 0→226→0 | 1 event(s)
[2026-05-31 15:11:46.758] [SSE] event: 218B JSON → content from delta.content (3 chars)
[2026-05-31 15:11:46.758] [Stream] chunk #253 +13548ms: 3 chars (total=1607)
[2026-05-31 15:11:46.809] [SSE] chunk #253  | 229B raw | buf 0→229→0 | 1 event(s)
[2026-05-31 15:11:46.809] [SSE] event: 221B JSON → content from delta.content (6 chars)
[2026-05-31 15:11:46.809] [Stream] chunk #254 +13600ms: 6 chars (total=1613)
[2026-05-31 15:11:46.893] [SSE] chunk #254  | 227B raw | buf 0→227→0 | 1 event(s)
[2026-05-31 15:11:46.893] [SSE] event: 219B JSON → content from delta.content (4 chars)
[2026-05-31 15:11:46.893] [Stream] chunk #255 +13684ms: 4 chars (total=1617)
[2026-05-31 15:11:46.912] [SSE] chunk #255  | 231B raw | buf 0→231→0 | 1 event(s)
[2026-05-31 15:11:46.912] [SSE] event: 223B JSON → content from delta.content (8 chars)
[2026-05-31 15:11:46.912] [Stream] chunk #256 +13702ms: 8 chars (total=1625)
[2026-05-31 15:11:46.956] [SSE] chunk #256  | 229B raw | buf 0→229→0 | 1 event(s)
[2026-05-31 15:11:46.957] [SSE] event: 221B JSON → content from delta.content (6 chars)
[2026-05-31 15:11:46.957] [Stream] chunk #257 +13747ms: 6 chars (total=1631)
[2026-05-31 15:11:47.003] [SSE] chunk #257  | 228B raw | buf 0→228→0 | 1 event(s)
[2026-05-31 15:11:47.003] [SSE] event: 220B JSON → content from delta.content (5 chars)
[2026-05-31 15:11:47.003] [Stream] chunk #258 +13793ms: 5 chars (total=1636)
[2026-05-31 15:11:47.058] [SSE] chunk #258  | 231B raw | buf 0→231→0 | 1 event(s)
[2026-05-31 15:11:47.058] [SSE] event: 223B JSON → content from delta.content (8 chars)
[2026-05-31 15:11:47.058] [Stream] chunk #259 +13848ms: 8 chars (total=1644)
[2026-05-31 15:11:47.107] [SSE] chunk #259  | 229B raw | buf 0→229→0 | 1 event(s)
[2026-05-31 15:11:47.107] [SSE] event: 221B JSON → content from delta.content (6 chars)
[2026-05-31 15:11:47.107] [Stream] chunk #260 +13898ms: 6 chars (total=1650)
[2026-05-31 15:11:47.175] [SSE] chunk #260  | 227B raw | buf 0→227→0 | 1 event(s)
[2026-05-31 15:11:47.175] [SSE] event: 219B JSON → content from delta.content (4 chars)
[2026-05-31 15:11:47.175] [Stream] chunk #261 +13966ms: 4 chars (total=1654)
[2026-05-31 15:11:47.204] [SSE] chunk #261  | 230B raw | buf 0→230→0 | 1 event(s)
[2026-05-31 15:11:47.204] [SSE] event: 222B JSON → content from delta.content (5 chars)
[2026-05-31 15:11:47.204] [Stream] chunk #262 +13995ms: 5 chars (total=1659)
[2026-05-31 15:11:47.253] [SSE] chunk #262  | 226B raw | buf 0→226→0 | 1 event(s)
[2026-05-31 15:11:47.253] [SSE] event: 218B JSON → content from delta.content (3 chars)
[2026-05-31 15:11:47.253] [Stream] chunk #263 +14043ms: 3 chars (total=1662)
[2026-05-31 15:11:47.302] [SSE] chunk #263  | 227B raw | buf 0→227→0 | 1 event(s)
[2026-05-31 15:11:47.302] [SSE] event: 219B JSON → content from delta.content (4 chars)
[2026-05-31 15:11:47.302] [Stream] chunk #264 +14093ms: 4 chars (total=1666)
[2026-05-31 15:11:47.352] [SSE] chunk #264  | 232B raw | buf 0→232→0 | 1 event(s)
[2026-05-31 15:11:47.352] [SSE] event: 224B JSON → content from delta.content (9 chars)
[2026-05-31 15:11:47.352] [Stream] chunk #265 +14142ms: 9 chars (total=1675)
[2026-05-31 15:11:47.402] [SSE] chunk #265  | 225B raw | buf 0→225→0 | 1 event(s)
[2026-05-31 15:11:47.402] [SSE] event: 217B JSON → content from delta.content (2 chars)
[2026-05-31 15:11:47.402] [Stream] chunk #266 +14192ms: 2 chars (total=1677)
[2026-05-31 15:11:47.451] [SSE] chunk #266  | 228B raw | buf 0→228→0 | 1 event(s)
[2026-05-31 15:11:47.452] [SSE] event: 220B JSON → content from delta.content (5 chars)
[2026-05-31 15:11:47.452] [Stream] chunk #267 +14242ms: 5 chars (total=1682)
[2026-05-31 15:11:47.504] [SSE] chunk #267  | 227B raw | buf 0→227→0 | 1 event(s)
[2026-05-31 15:11:47.504] [SSE] event: 219B JSON → content from delta.content (4 chars)
[2026-05-31 15:11:47.504] [Stream] chunk #268 +14294ms: 4 chars (total=1686)
[2026-05-31 15:11:47.555] [SSE] chunk #268  | 227B raw | buf 0→227→0 | 1 event(s)
[2026-05-31 15:11:47.555] [SSE] event: 219B JSON → content from delta.content (4 chars)
[2026-05-31 15:11:47.555] [Stream] chunk #269 +14346ms: 4 chars (total=1690)
[2026-05-31 15:11:47.618] [SSE] chunk #269  | 227B raw | buf 0→227→0 | 1 event(s)
[2026-05-31 15:11:47.618] [SSE] event: 219B JSON → content from delta.content (4 chars)
[2026-05-31 15:11:47.618] [Stream] chunk #270 +14408ms: 4 chars (total=1694)
[2026-05-31 15:11:47.661] [SSE] chunk #270  | 227B raw | buf 0→227→0 | 1 event(s)
[2026-05-31 15:11:47.661] [SSE] event: 219B JSON → content from delta.content (4 chars)
[2026-05-31 15:11:47.661] [Stream] chunk #271 +14451ms: 4 chars (total=1698)
[2026-05-31 15:11:47.702] [SSE] chunk #271  | 230B raw | buf 0→230→0 | 1 event(s)
[2026-05-31 15:11:47.702] [SSE] event: 222B JSON → content from delta.content (7 chars)
[2026-05-31 15:11:47.702] [Stream] chunk #272 +14492ms: 7 chars (total=1705)
[2026-05-31 15:11:47.751] [SSE] chunk #272  | 227B raw | buf 0→227→0 | 1 event(s)
[2026-05-31 15:11:47.751] [SSE] event: 219B JSON → content from delta.content (4 chars)
[2026-05-31 15:11:47.751] [Stream] chunk #273 +14542ms: 4 chars (total=1709)
[2026-05-31 15:11:47.805] [SSE] chunk #273  | 226B raw | buf 0→226→0 | 1 event(s)
[2026-05-31 15:11:47.805] [SSE] event: 218B JSON → content from delta.content (3 chars)
[2026-05-31 15:11:47.805] [Stream] chunk #274 +14596ms: 3 chars (total=1712)
[2026-05-31 15:11:47.853] [SSE] chunk #274  | 227B raw | buf 0→227→0 | 1 event(s)
[2026-05-31 15:11:47.853] [SSE] event: 219B JSON → content from delta.content (4 chars)
[2026-05-31 15:11:47.853] [Stream] chunk #275 +14644ms: 4 chars (total=1716)
[2026-05-31 15:11:47.933] [SSE] chunk #275  | 233B raw | buf 0→233→0 | 1 event(s)
[2026-05-31 15:11:47.934] [SSE] event: 225B JSON → content from delta.content (10 chars)
[2026-05-31 15:11:47.934] [Stream] chunk #276 +14724ms: 10 chars (total=1726)
[2026-05-31 15:11:47.955] [SSE] chunk #276  | 233B raw | buf 0→233→0 | 1 event(s)
[2026-05-31 15:11:47.955] [SSE] event: 225B JSON → content from delta.content (10 chars)
[2026-05-31 15:11:47.955] [Stream] chunk #277 +14745ms: 10 chars (total=1736)
[2026-05-31 15:11:48.001] [SSE] chunk #277  | 231B raw | buf 0→231→0 | 1 event(s)
[2026-05-31 15:11:48.001] [SSE] event: 223B JSON → content from delta.content (8 chars)
[2026-05-31 15:11:48.001] [Stream] chunk #278 +14792ms: 8 chars (total=1744)
[2026-05-31 15:11:48.050] [SSE] chunk #278  | 228B raw | buf 0→228→0 | 1 event(s)
[2026-05-31 15:11:48.050] [SSE] event: 220B JSON → content from delta.content (5 chars)
[2026-05-31 15:11:48.050] [Stream] chunk #279 +14840ms: 5 chars (total=1749)
[2026-05-31 15:11:48.100] [SSE] chunk #279  | 233B raw | buf 0→233→0 | 1 event(s)
[2026-05-31 15:11:48.101] [SSE] event: 225B JSON → content from delta.content (10 chars)
[2026-05-31 15:11:48.101] [Stream] chunk #280 +14891ms: 10 chars (total=1759)
[2026-05-31 15:11:48.155] [SSE] chunk #280  | 227B raw | buf 0→227→0 | 1 event(s)
[2026-05-31 15:11:48.155] [SSE] event: 219B JSON → content from delta.content (4 chars)
[2026-05-31 15:11:48.155] [Stream] chunk #281 +14945ms: 4 chars (total=1763)
[2026-05-31 15:11:48.204] [SSE] chunk #281  | 234B raw | buf 0→234→0 | 1 event(s)
[2026-05-31 15:11:48.204] [SSE] event: 226B JSON → content from delta.content (11 chars)
[2026-05-31 15:11:48.204] [Stream] chunk #282 +14995ms: 11 chars (total=1774)
[2026-05-31 15:11:48.254] [SSE] chunk #282  | 229B raw | buf 0→229→0 | 1 event(s)
[2026-05-31 15:11:48.254] [SSE] event: 221B JSON → content from delta.content (6 chars)
[2026-05-31 15:11:48.254] [Stream] chunk #283 +15044ms: 6 chars (total=1780)
[2026-05-31 15:11:48.304] [SSE] chunk #283  | 227B raw | buf 0→227→0 | 1 event(s)
[2026-05-31 15:11:48.305] [SSE] event: 219B JSON → content from delta.content (4 chars)
[2026-05-31 15:11:48.305] [Stream] chunk #284 +15095ms: 4 chars (total=1784)
[2026-05-31 15:11:48.354] [SSE] chunk #284  | 234B raw | buf 0→234→0 | 1 event(s)
[2026-05-31 15:11:48.354] [SSE] event: 226B JSON → content from delta.content (11 chars)
[2026-05-31 15:11:48.354] [Stream] chunk #285 +15144ms: 11 chars (total=1795)
[2026-05-31 15:11:48.401] [SSE] chunk #285  | 227B raw | buf 0→227→0 | 1 event(s)
[2026-05-31 15:11:48.401] [SSE] event: 219B JSON → content from delta.content (4 chars)
[2026-05-31 15:11:48.401] [Stream] chunk #286 +15191ms: 4 chars (total=1799)
[2026-05-31 15:11:48.470] [SSE] chunk #286  | 233B raw | buf 0→233→0 | 1 event(s)
[2026-05-31 15:11:48.470] [SSE] event: 225B JSON → content from delta.content (10 chars)
[2026-05-31 15:11:48.470] [Stream] chunk #287 +15260ms: 10 chars (total=1809)
[2026-05-31 15:11:48.543] [SSE] chunk #287  | 229B raw | buf 0→229→0 | 1 event(s)
[2026-05-31 15:11:48.543] [SSE] event: 221B JSON → content from delta.content (6 chars)
[2026-05-31 15:11:48.543] [Stream] chunk #288 +15334ms: 6 chars (total=1815)
[2026-05-31 15:11:48.583] [SSE] chunk #288  | 243B raw | buf 0→243→0 | 1 event(s)
[2026-05-31 15:11:48.583] [SSE] event: 235B JSON → content from delta.content (20 chars)
[2026-05-31 15:11:48.583] [Stream] chunk #289 +15374ms: 20 chars (total=1835)
[2026-05-31 15:11:48.604] [SSE] chunk #289  | 228B raw | buf 0→228→0 | 1 event(s)
[2026-05-31 15:11:48.604] [SSE] event: 220B JSON → content from delta.content (5 chars)
[2026-05-31 15:11:48.604] [Stream] chunk #290 +15394ms: 5 chars (total=1840)
[2026-05-31 15:11:48.653] [SSE] chunk #290  | 237B raw | buf 0→237→0 | 1 event(s)
[2026-05-31 15:11:48.653] [SSE] event: 229B JSON → content from delta.content (14 chars)
[2026-05-31 15:11:48.653] [Stream] chunk #291 +15443ms: 14 chars (total=1854)
[2026-05-31 15:11:48.703] [SSE] chunk #291  | 229B raw | buf 0→229→0 | 1 event(s)
[2026-05-31 15:11:48.703] [SSE] event: 221B JSON → content from delta.content (6 chars)
[2026-05-31 15:11:48.703] [Stream] chunk #292 +15493ms: 6 chars (total=1860)
[2026-05-31 15:11:48.755] [SSE] chunk #292  | 229B raw | buf 0→229→0 | 1 event(s)
[2026-05-31 15:11:48.755] [SSE] event: 221B JSON → content from delta.content (6 chars)
[2026-05-31 15:11:48.755] [Stream] chunk #293 +15545ms: 6 chars (total=1866)
[2026-05-31 15:11:48.804] [SSE] chunk #293  | 230B raw | buf 0→230→0 | 1 event(s)
[2026-05-31 15:11:48.804] [SSE] event: 222B JSON → content from delta.content (5 chars)
[2026-05-31 15:11:48.804] [Stream] chunk #294 +15594ms: 5 chars (total=1871)
[2026-05-31 15:11:48.874] [SSE] chunk #294  | 225B raw | buf 0→225→0 | 1 event(s)
[2026-05-31 15:11:48.874] [SSE] event: 217B JSON → content from delta.content (2 chars)
[2026-05-31 15:11:48.874] [Stream] chunk #295 +15664ms: 2 chars (total=1873)
[2026-05-31 15:11:48.909] [SSE] chunk #295  | 229B raw | buf 0→229→0 | 1 event(s)
[2026-05-31 15:11:48.909] [SSE] event: 221B JSON → content from delta.content (6 chars)
[2026-05-31 15:11:48.909] [Stream] chunk #296 +15699ms: 6 chars (total=1879)
[2026-05-31 15:11:48.953] [SSE] chunk #296  | 229B raw | buf 0→229→0 | 1 event(s)
[2026-05-31 15:11:48.953] [SSE] event: 221B JSON → content from delta.content (6 chars)
[2026-05-31 15:11:48.953] [Stream] chunk #297 +15744ms: 6 chars (total=1885)
[2026-05-31 15:11:49.002] [SSE] chunk #297  | 228B raw | buf 0→228→0 | 1 event(s)
[2026-05-31 15:11:49.002] [SSE] event: 220B JSON → content from delta.content (5 chars)
[2026-05-31 15:11:49.002] [Stream] chunk #298 +15792ms: 5 chars (total=1890)
[2026-05-31 15:11:49.059] [SSE] chunk #298  | 227B raw | buf 0→227→0 | 1 event(s)
[2026-05-31 15:11:49.059] [SSE] event: 219B JSON → content from delta.content (4 chars)
[2026-05-31 15:11:49.059] [Stream] chunk #299 +15850ms: 4 chars (total=1894)
[2026-05-31 15:11:49.102] [SSE] chunk #299  | 227B raw | buf 0→227→0 | 1 event(s)
[2026-05-31 15:11:49.102] [SSE] event: 219B JSON → content from delta.content (4 chars)
[2026-05-31 15:11:49.102] [Stream] chunk #300 +15892ms: 4 chars (total=1898)
[2026-05-31 15:11:49.153] [SSE] chunk #300  | 230B raw | buf 0→230→0 | 1 event(s)
[2026-05-31 15:11:49.153] [SSE] event: 222B JSON → content from delta.content (7 chars)
[2026-05-31 15:11:49.153] [Stream] chunk #301 +15943ms: 7 chars (total=1905)
[2026-05-31 15:11:49.206] [SSE] chunk #301  | 229B raw | buf 0→229→0 | 1 event(s)
[2026-05-31 15:11:49.206] [SSE] event: 221B JSON → content from delta.content (6 chars)
[2026-05-31 15:11:49.206] [Stream] chunk #302 +15996ms: 6 chars (total=1911)
[2026-05-31 15:11:49.254] [SSE] chunk #302  | 227B raw | buf 0→227→0 | 1 event(s)
[2026-05-31 15:11:49.254] [SSE] event: 219B JSON → content from delta.content (4 chars)
[2026-05-31 15:11:49.254] [Stream] chunk #303 +16044ms: 4 chars (total=1915)
[2026-05-31 15:11:49.349] [SSE] chunk #303  | 242B raw | buf 0→242→0 | 1 event(s)
[2026-05-31 15:11:49.350] [SSE] event: 234B JSON → content from delta.content (19 chars)
[2026-05-31 15:11:49.350] [Stream] chunk #304 +16140ms: 19 chars (total=1934)
[2026-05-31 15:11:49.399] [SSE] chunk #304  | 225B raw | buf 0→225→0 | 1 event(s)
[2026-05-31 15:11:49.399] [SSE] event: 217B JSON → content from delta.content (2 chars)
[2026-05-31 15:11:49.399] [Stream] chunk #305 +16189ms: 2 chars (total=1936)
[2026-05-31 15:11:49.448] [SSE] chunk #305  | 233B raw | buf 0→233→0 | 1 event(s)
[2026-05-31 15:11:49.448] [SSE] event: 225B JSON → content from delta.content (10 chars)
[2026-05-31 15:11:49.448] [Stream] chunk #306 +16239ms: 10 chars (total=1946)
[2026-05-31 15:11:49.506] [SSE] chunk #306  | 224B raw | buf 0→224→0 | 1 event(s)
[2026-05-31 15:11:49.506] [SSE] event: 216B JSON → content from delta.content (1 chars)
[2026-05-31 15:11:49.506] [Stream] chunk #307 +16296ms: 1 chars (total=1947)
[2026-05-31 15:11:49.549] [SSE] chunk #307  | 237B raw | buf 0→237→0 | 1 event(s)
[2026-05-31 15:11:49.549] [SSE] event: 229B JSON → content from delta.content (14 chars)
[2026-05-31 15:11:49.549] [Stream] chunk #308 +16339ms: 14 chars (total=1961)
[2026-05-31 15:11:49.598] [SSE] chunk #308  | 231B raw | buf 0→231→0 | 1 event(s)
[2026-05-31 15:11:49.598] [SSE] event: 223B JSON → content from delta.content (8 chars)
[2026-05-31 15:11:49.598] [Stream] chunk #309 +16388ms: 8 chars (total=1969)
[2026-05-31 15:11:49.646] [SSE] chunk #309  | 229B raw | buf 0→229→0 | 1 event(s)
[2026-05-31 15:11:49.646] [SSE] event: 221B JSON → content from delta.content (6 chars)
[2026-05-31 15:11:49.646] [Stream] chunk #310 +16437ms: 6 chars (total=1975)
[2026-05-31 15:11:49.696] [SSE] chunk #310  | 227B raw | buf 0→227→0 | 1 event(s)
[2026-05-31 15:11:49.696] [SSE] event: 219B JSON → content from delta.content (4 chars)
[2026-05-31 15:11:49.696] [Stream] chunk #311 +16487ms: 4 chars (total=1979)
[2026-05-31 15:11:49.751] [SSE] chunk #311  | 235B raw | buf 0→235→0 | 1 event(s)
[2026-05-31 15:11:49.751] [SSE] event: 227B JSON → content from delta.content (12 chars)
[2026-05-31 15:11:49.751] [Stream] chunk #312 +16541ms: 12 chars (total=1991)
[2026-05-31 15:11:50.046] [SSE] chunk #312  | 454B raw | buf 0→454→0 | 2 event(s)
[2026-05-31 15:11:50.046] [SSE] event: 219B JSON → content from delta.content (4 chars)
[2026-05-31 15:11:50.047] [Stream] chunk #313 +16837ms: 4 chars (total=1995)
[2026-05-31 15:11:50.047] [SSE] event: 219B JSON → content from delta.content (4 chars)
[2026-05-31 15:11:50.047] [Stream] chunk #314 +16837ms: 4 chars (total=1999)
[2026-05-31 15:11:50.047] [SSE] chunk #313  | 232B raw | buf 0→232→0 | 1 event(s)
[2026-05-31 15:11:50.047] [SSE] event: 224B JSON → content from delta.content (9 chars)
[2026-05-31 15:11:50.047] [Stream] chunk #315 +16838ms: 9 chars (total=2008)
[2026-05-31 15:11:50.048] [SSE] chunk #314  | 231B raw | buf 0→231→0 | 1 event(s)
[2026-05-31 15:11:50.048] [SSE] event: 223B JSON → content from delta.content (8 chars)
[2026-05-31 15:11:50.048] [Stream] chunk #316 +16838ms: 8 chars (total=2016)
[2026-05-31 15:11:50.048] [SSE] chunk #315  | 225B raw | buf 0→225→0 | 1 event(s)
[2026-05-31 15:11:50.048] [SSE] event: 217B JSON → content from delta.content (2 chars)
[2026-05-31 15:11:50.048] [Stream] chunk #317 +16838ms: 2 chars (total=2018)
[2026-05-31 15:11:50.073] [SSE] chunk #316  | 227B raw | buf 0→227→0 | 1 event(s)
[2026-05-31 15:11:50.073] [SSE] event: 219B JSON → content from delta.content (4 chars)
[2026-05-31 15:11:50.073] [Stream] chunk #318 +16864ms: 4 chars (total=2022)
[2026-05-31 15:11:50.104] [SSE] chunk #317  | 227B raw | buf 0→227→0 | 1 event(s)
[2026-05-31 15:11:50.104] [SSE] event: 219B JSON → content from delta.content (4 chars)
[2026-05-31 15:11:50.104] [Stream] chunk #319 +16894ms: 4 chars (total=2026)
[2026-05-31 15:11:50.146] [SSE] chunk #318  | 234B raw | buf 0→234→0 | 1 event(s)
[2026-05-31 15:11:50.146] [SSE] event: 226B JSON → content from delta.content (11 chars)
[2026-05-31 15:11:50.146] [Stream] chunk #320 +16936ms: 11 chars (total=2037)
[2026-05-31 15:11:50.197] [SSE] chunk #319  | 225B raw | buf 0→225→0 | 1 event(s)
[2026-05-31 15:11:50.197] [SSE] event: 217B JSON → content from delta.content (2 chars)
[2026-05-31 15:11:50.197] [Stream] chunk #321 +16987ms: 2 chars (total=2039)
[2026-05-31 15:11:50.247] [SSE] chunk #320  | 235B raw | buf 0→235→0 | 1 event(s)
[2026-05-31 15:11:50.247] [SSE] event: 227B JSON → content from delta.content (12 chars)
[2026-05-31 15:11:50.247] [Stream] chunk #322 +17038ms: 12 chars (total=2051)
[2026-05-31 15:11:50.297] [SSE] chunk #321  | 229B raw | buf 0→229→0 | 1 event(s)
[2026-05-31 15:11:50.297] [SSE] event: 221B JSON → content from delta.content (6 chars)
[2026-05-31 15:11:50.297] [Stream] chunk #323 +17087ms: 6 chars (total=2057)
[2026-05-31 15:11:50.352] [SSE] chunk #322  | 230B raw | buf 0→230→0 | 1 event(s)
[2026-05-31 15:11:50.353] [SSE] event: 222B JSON → content from delta.content (7 chars)
[2026-05-31 15:11:50.353] [Stream] chunk #324 +17143ms: 7 chars (total=2064)
[2026-05-31 15:11:50.395] [SSE] chunk #323  | 229B raw | buf 0→229→0 | 1 event(s)
[2026-05-31 15:11:50.395] [SSE] event: 221B JSON → content from delta.content (6 chars)
[2026-05-31 15:11:50.395] [Stream] chunk #325 +17186ms: 6 chars (total=2070)
[2026-05-31 15:11:50.450] [SSE] chunk #324  | 225B raw | buf 0→225→0 | 1 event(s)
[2026-05-31 15:11:50.450] [SSE] event: 217B JSON → content from delta.content (2 chars)
[2026-05-31 15:11:50.450] [Stream] chunk #326 +17241ms: 2 chars (total=2072)
[2026-05-31 15:11:50.496] [SSE] chunk #325  | 233B raw | buf 0→233→0 | 1 event(s)
[2026-05-31 15:11:50.496] [SSE] event: 225B JSON → content from delta.content (10 chars)
[2026-05-31 15:11:50.496] [Stream] chunk #327 +17287ms: 10 chars (total=2082)
[2026-05-31 15:11:50.553] [SSE] chunk #326  | 231B raw | buf 0→231→0 | 1 event(s)
[2026-05-31 15:11:50.554] [SSE] event: 223B JSON → content from delta.content (8 chars)
[2026-05-31 15:11:50.554] [Stream] chunk #328 +17344ms: 8 chars (total=2090)
[2026-05-31 15:11:50.598] [SSE] chunk #327  | 225B raw | buf 0→225→0 | 1 event(s)
[2026-05-31 15:11:50.598] [SSE] event: 217B JSON → content from delta.content (2 chars)
[2026-05-31 15:11:50.598] [Stream] chunk #329 +17388ms: 2 chars (total=2092)
[2026-05-31 15:11:50.657] [SSE] chunk #328  | 227B raw | buf 0→227→0 | 1 event(s)
[2026-05-31 15:11:50.657] [SSE] event: 219B JSON → content from delta.content (4 chars)
[2026-05-31 15:11:50.657] [Stream] chunk #330 +17448ms: 4 chars (total=2096)
[2026-05-31 15:11:50.698] [SSE] chunk #329  | 228B raw | buf 0→228→0 | 1 event(s)
[2026-05-31 15:11:50.698] [SSE] event: 220B JSON → content from delta.content (5 chars)
[2026-05-31 15:11:50.698] [Stream] chunk #331 +17488ms: 5 chars (total=2101)
[2026-05-31 15:11:50.745] [SSE] chunk #330  | 229B raw | buf 0→229→0 | 1 event(s)
[2026-05-31 15:11:50.745] [SSE] event: 221B JSON → content from delta.content (6 chars)
[2026-05-31 15:11:50.745] [Stream] chunk #332 +17535ms: 6 chars (total=2107)
[2026-05-31 15:11:50.795] [SSE] chunk #331  | 229B raw | buf 0→229→0 | 1 event(s)
[2026-05-31 15:11:50.795] [SSE] event: 221B JSON → content from delta.content (6 chars)
[2026-05-31 15:11:50.795] [Stream] chunk #333 +17585ms: 6 chars (total=2113)
[2026-05-31 15:11:50.843] [SSE] chunk #332  | 227B raw | buf 0→227→0 | 1 event(s)
[2026-05-31 15:11:50.843] [SSE] event: 219B JSON → content from delta.content (4 chars)
[2026-05-31 15:11:50.843] [Stream] chunk #334 +17633ms: 4 chars (total=2117)
[2026-05-31 15:11:50.895] [SSE] chunk #333  | 231B raw | buf 0→231→0 | 1 event(s)
[2026-05-31 15:11:50.895] [SSE] event: 223B JSON → content from delta.content (8 chars)
[2026-05-31 15:11:50.895] [Stream] chunk #335 +17685ms: 8 chars (total=2125)
[2026-05-31 15:11:50.948] [SSE] chunk #334  | 227B raw | buf 0→227→0 | 1 event(s)
[2026-05-31 15:11:50.948] [SSE] event: 219B JSON → content from delta.content (4 chars)
[2026-05-31 15:11:50.948] [Stream] chunk #336 +17738ms: 4 chars (total=2129)
[2026-05-31 15:11:50.995] [SSE] chunk #335  | 230B raw | buf 0→230→0 | 1 event(s)
[2026-05-31 15:11:50.995] [SSE] event: 222B JSON → content from delta.content (7 chars)
[2026-05-31 15:11:50.995] [Stream] chunk #337 +17786ms: 7 chars (total=2136)
[2026-05-31 15:11:51.046] [SSE] chunk #336  | 226B raw | buf 0→226→0 | 1 event(s)
[2026-05-31 15:11:51.046] [SSE] event: 218B JSON → content from delta.content (3 chars)
[2026-05-31 15:11:51.046] [Stream] chunk #338 +17837ms: 3 chars (total=2139)
[2026-05-31 15:11:51.095] [SSE] chunk #337  | 237B raw | buf 0→237→0 | 1 event(s)
[2026-05-31 15:11:51.095] [SSE] event: 229B JSON → content from delta.content (14 chars)
[2026-05-31 15:11:51.095] [Stream] chunk #339 +17885ms: 14 chars (total=2153)
[2026-05-31 15:11:51.145] [SSE] chunk #338  | 226B raw | buf 0→226→0 | 1 event(s)
[2026-05-31 15:11:51.145] [SSE] event: 218B JSON → content from delta.content (3 chars)
[2026-05-31 15:11:51.145] [Stream] chunk #340 +17935ms: 3 chars (total=2156)
[2026-05-31 15:11:51.192] [SSE] chunk #339  | 225B raw | buf 0→225→0 | 1 event(s)
[2026-05-31 15:11:51.192] [SSE] event: 217B JSON → content from delta.content (2 chars)
[2026-05-31 15:11:51.192] [Stream] chunk #341 +17983ms: 2 chars (total=2158)
[2026-05-31 15:11:51.244] [SSE] chunk #340  | 227B raw | buf 0→227→0 | 1 event(s)
[2026-05-31 15:11:51.245] [SSE] event: 219B JSON → content from delta.content (4 chars)
[2026-05-31 15:11:51.245] [Stream] chunk #342 +18035ms: 4 chars (total=2162)
[2026-05-31 15:11:51.292] [SSE] chunk #341  | 227B raw | buf 0→227→0 | 1 event(s)
[2026-05-31 15:11:51.292] [SSE] event: 219B JSON → content from delta.content (4 chars)
[2026-05-31 15:11:51.292] [Stream] chunk #343 +18083ms: 4 chars (total=2166)
[2026-05-31 15:11:51.343] [SSE] chunk #342  | 233B raw | buf 0→233→0 | 1 event(s)
[2026-05-31 15:11:51.343] [SSE] event: 225B JSON → content from delta.content (10 chars)
[2026-05-31 15:11:51.343] [Stream] chunk #344 +18134ms: 10 chars (total=2176)
[2026-05-31 15:11:51.394] [SSE] chunk #343  | 233B raw | buf 0→233→0 | 1 event(s)
[2026-05-31 15:11:51.394] [SSE] event: 225B JSON → content from delta.content (10 chars)
[2026-05-31 15:11:51.394] [Stream] chunk #345 +18185ms: 10 chars (total=2186)
[2026-05-31 15:11:51.499] [SSE] chunk #344  | 229B raw | buf 0→229→0 | 1 event(s)
[2026-05-31 15:11:51.499] [SSE] event: 221B JSON → content from delta.content (6 chars)
[2026-05-31 15:11:51.499] [Stream] chunk #346 +18290ms: 6 chars (total=2192)
[2026-05-31 15:11:51.556] [SSE] chunk #345  | 229B raw | buf 0→229→0 | 1 event(s)
[2026-05-31 15:11:51.556] [SSE] event: 221B JSON → content from delta.content (6 chars)
[2026-05-31 15:11:51.556] [Stream] chunk #347 +18347ms: 6 chars (total=2198)
[2026-05-31 15:11:51.594] [SSE] chunk #346  | 236B raw | buf 0→236→0 | 1 event(s)
[2026-05-31 15:11:51.595] [SSE] event: 228B JSON → content from delta.content (13 chars)
[2026-05-31 15:11:51.595] [Stream] chunk #348 +18385ms: 13 chars (total=2211)
[2026-05-31 15:11:51.662] [SSE] chunk #347  | 235B raw | buf 0→235→0 | 1 event(s)
[2026-05-31 15:11:51.662] [SSE] event: 227B JSON → content from delta.content (12 chars)
[2026-05-31 15:11:51.662] [Stream] chunk #349 +18452ms: 12 chars (total=2223)
[2026-05-31 15:11:51.704] [SSE] chunk #348  | 232B raw | buf 0→232→0 | 1 event(s)
[2026-05-31 15:11:51.705] [SSE] event: 224B JSON → content from delta.content (9 chars)
[2026-05-31 15:11:51.705] [Stream] chunk #350 +18495ms: 9 chars (total=2232)
[2026-05-31 15:11:51.750] [SSE] chunk #349  | 229B raw | buf 0→229→0 | 1 event(s)
[2026-05-31 15:11:51.750] [SSE] event: 221B JSON → content from delta.content (6 chars)
[2026-05-31 15:11:51.750] [Stream] chunk #351 +18541ms: 6 chars (total=2238)
[2026-05-31 15:11:51.811] [SSE] chunk #350  | 233B raw | buf 0→233→0 | 1 event(s)
[2026-05-31 15:11:51.811] [SSE] event: 225B JSON → content from delta.content (10 chars)
[2026-05-31 15:11:51.811] [Stream] chunk #352 +18602ms: 10 chars (total=2248)
[2026-05-31 15:11:51.870] [SSE] chunk #351  | 230B raw | buf 0→230→0 | 1 event(s)
[2026-05-31 15:11:51.870] [SSE] event: 222B JSON → content from delta.content (7 chars)
[2026-05-31 15:11:51.870] [Stream] chunk #353 +18660ms: 7 chars (total=2255)
[2026-05-31 15:11:51.930] [SSE] chunk #352  | 227B raw | buf 0→227→0 | 1 event(s)
[2026-05-31 15:11:51.930] [SSE] event: 219B JSON → content from delta.content (4 chars)
[2026-05-31 15:11:51.930] [Stream] chunk #354 +18720ms: 4 chars (total=2259)
[2026-05-31 15:11:51.991] [SSE] chunk #353  | 229B raw | buf 0→229→0 | 1 event(s)
[2026-05-31 15:11:51.991] [SSE] event: 221B JSON → content from delta.content (6 chars)
[2026-05-31 15:11:51.991] [Stream] chunk #355 +18782ms: 6 chars (total=2265)
[2026-05-31 15:11:52.051] [SSE] chunk #354  | 228B raw | buf 0→228→0 | 1 event(s)
[2026-05-31 15:11:52.051] [SSE] event: 220B JSON → content from delta.content (5 chars)
[2026-05-31 15:11:52.051] [Stream] chunk #356 +18842ms: 5 chars (total=2270)
[2026-05-31 15:11:52.115] [SSE] chunk #355  | 228B raw | buf 0→228→0 | 1 event(s)
[2026-05-31 15:11:52.115] [SSE] event: 220B JSON → content from delta.content (5 chars)
[2026-05-31 15:11:52.116] [Stream] chunk #357 +18906ms: 5 chars (total=2275)
[2026-05-31 15:11:52.168] [SSE] chunk #356  | 225B raw | buf 0→225→0 | 1 event(s)
[2026-05-31 15:11:52.169] [SSE] event: 217B JSON → content from delta.content (2 chars)
[2026-05-31 15:11:52.169] [Stream] chunk #358 +18959ms: 2 chars (total=2277)
[2026-05-31 15:11:52.228] [SSE] chunk #357  | 225B raw | buf 0→225→0 | 1 event(s)
[2026-05-31 15:11:52.228] [SSE] event: 217B JSON → content from delta.content (2 chars)
[2026-05-31 15:11:52.228] [Stream] chunk #359 +19018ms: 2 chars (total=2279)
[2026-05-31 15:11:52.287] [SSE] chunk #358  | 230B raw | buf 0→230→0 | 1 event(s)
[2026-05-31 15:11:52.287] [SSE] event: 222B JSON → content from delta.content (7 chars)
[2026-05-31 15:11:52.287] [Stream] chunk #360 +19078ms: 7 chars (total=2286)
[2026-05-31 15:11:52.348] [SSE] chunk #359  | 228B raw | buf 0→228→0 | 1 event(s)
[2026-05-31 15:11:52.348] [SSE] event: 220B JSON → content from delta.content (5 chars)
[2026-05-31 15:11:52.348] [Stream] chunk #361 +19139ms: 5 chars (total=2291)
[2026-05-31 15:11:52.409] [SSE] chunk #360  | 229B raw | buf 0→229→0 | 1 event(s)
[2026-05-31 15:11:52.409] [SSE] event: 221B JSON → content from delta.content (6 chars)
[2026-05-31 15:11:52.409] [Stream] chunk #362 +19200ms: 6 chars (total=2297)
[2026-05-31 15:11:52.467] [SSE] chunk #361  | 233B raw | buf 0→233→0 | 1 event(s)
[2026-05-31 15:11:52.467] [SSE] event: 225B JSON → content from delta.content (10 chars)
[2026-05-31 15:11:52.468] [Stream] chunk #363 +19258ms: 10 chars (total=2307)
[2026-05-31 15:11:52.540] [SSE] chunk #362  | 226B raw | buf 0→226→0 | 1 event(s)
[2026-05-31 15:11:52.540] [SSE] event: 218B JSON → content from delta.content (3 chars)
[2026-05-31 15:11:52.540] [Stream] chunk #364 +19330ms: 3 chars (total=2310)
[2026-05-31 15:11:52.587] [SSE] chunk #363  | 227B raw | buf 0→227→0 | 1 event(s)
[2026-05-31 15:11:52.587] [SSE] event: 219B JSON → content from delta.content (4 chars)
[2026-05-31 15:11:52.587] [Stream] chunk #365 +19377ms: 4 chars (total=2314)
[2026-05-31 15:11:52.649] [SSE] chunk #364  | 228B raw | buf 0→228→0 | 1 event(s)
[2026-05-31 15:11:52.649] [SSE] event: 220B JSON → content from delta.content (5 chars)
[2026-05-31 15:11:52.649] [Stream] chunk #366 +19440ms: 5 chars (total=2319)
[2026-05-31 15:11:52.707] [SSE] chunk #365  | 229B raw | buf 0→229→0 | 1 event(s)
[2026-05-31 15:11:52.708] [SSE] event: 221B JSON → content from delta.content (6 chars)
[2026-05-31 15:11:52.708] [Stream] chunk #367 +19498ms: 6 chars (total=2325)
[2026-05-31 15:11:52.778] [SSE] chunk #366  | 231B raw | buf 0→231→0 | 1 event(s)
[2026-05-31 15:11:52.778] [SSE] event: 223B JSON → content from delta.content (8 chars)
[2026-05-31 15:11:52.778] [Stream] chunk #368 +19569ms: 8 chars (total=2333)
[2026-05-31 15:11:52.825] [SSE] chunk #367  | 227B raw | buf 0→227→0 | 1 event(s)
[2026-05-31 15:11:52.825] [SSE] event: 219B JSON → content from delta.content (4 chars)
[2026-05-31 15:11:52.825] [Stream] chunk #369 +19616ms: 4 chars (total=2337)
[2026-05-31 15:11:52.889] [SSE] chunk #368  | 230B raw | buf 0→230→0 | 1 event(s)
[2026-05-31 15:11:52.889] [SSE] event: 222B JSON → content from delta.content (7 chars)
[2026-05-31 15:11:52.889] [Stream] chunk #370 +19679ms: 7 chars (total=2344)
[2026-05-31 15:11:52.946] [SSE] chunk #369  | 229B raw | buf 0→229→0 | 1 event(s)
[2026-05-31 15:11:52.947] [SSE] event: 221B JSON → content from delta.content (6 chars)
[2026-05-31 15:11:52.947] [Stream] chunk #371 +19737ms: 6 chars (total=2350)
[2026-05-31 15:11:53.004] [SSE] chunk #370  | 230B raw | buf 0→230→0 | 1 event(s)
[2026-05-31 15:11:53.004] [SSE] event: 222B JSON → content from delta.content (7 chars)
[2026-05-31 15:11:53.005] [Stream] chunk #372 +19795ms: 7 chars (total=2357)
[2026-05-31 15:11:53.069] [SSE] chunk #371  | 227B raw | buf 0→227→0 | 1 event(s)
[2026-05-31 15:11:53.069] [SSE] event: 219B JSON → content from delta.content (4 chars)
[2026-05-31 15:11:53.069] [Stream] chunk #373 +19859ms: 4 chars (total=2361)
[2026-05-31 15:11:53.123] [SSE] chunk #372  | 229B raw | buf 0→229→0 | 1 event(s)
[2026-05-31 15:11:53.123] [SSE] event: 221B JSON → content from delta.content (6 chars)
[2026-05-31 15:11:53.123] [Stream] chunk #374 +19914ms: 6 chars (total=2367)
[2026-05-31 15:11:53.213] [SSE] chunk #373  | 231B raw | buf 0→231→0 | 1 event(s)
[2026-05-31 15:11:53.214] [SSE] event: 223B JSON → content from delta.content (8 chars)
[2026-05-31 15:11:53.214] [Stream] chunk #375 +20004ms: 8 chars (total=2375)
[2026-05-31 15:11:53.272] [SSE] chunk #374  | 229B raw | buf 0→229→0 | 1 event(s)
[2026-05-31 15:11:53.272] [SSE] event: 221B JSON → content from delta.content (6 chars)
[2026-05-31 15:11:53.272] [Stream] chunk #376 +20062ms: 6 chars (total=2381)
[2026-05-31 15:11:53.336] [SSE] chunk #375  | 226B raw | buf 0→226→0 | 1 event(s)
[2026-05-31 15:11:53.336] [SSE] event: 218B JSON → content from delta.content (3 chars)
[2026-05-31 15:11:53.336] [Stream] chunk #377 +20126ms: 3 chars (total=2384)
[2026-05-31 15:11:53.390] [SSE] chunk #376  | 229B raw | buf 0→229→0 | 1 event(s)
[2026-05-31 15:11:53.390] [SSE] event: 221B JSON → content from delta.content (6 chars)
[2026-05-31 15:11:53.390] [Stream] chunk #378 +20180ms: 6 chars (total=2390)
[2026-05-31 15:11:53.456] [SSE] chunk #377  | 228B raw | buf 0→228→0 | 1 event(s)
[2026-05-31 15:11:53.456] [SSE] event: 220B JSON → content from delta.content (5 chars)
[2026-05-31 15:11:53.456] [Stream] chunk #379 +20246ms: 5 chars (total=2395)
[2026-05-31 15:11:53.566] [SSE] chunk #378  | 227B raw | buf 0→227→0 | 1 event(s)
[2026-05-31 15:11:53.566] [SSE] event: 219B JSON → content from delta.content (4 chars)
[2026-05-31 15:11:53.566] [Stream] chunk #380 +20356ms: 4 chars (total=2399)
[2026-05-31 15:11:53.628] [SSE] chunk #379  | 227B raw | buf 0→227→0 | 1 event(s)
[2026-05-31 15:11:53.628] [SSE] event: 219B JSON → content from delta.content (4 chars)
[2026-05-31 15:11:53.628] [Stream] chunk #381 +20418ms: 4 chars (total=2403)
[2026-05-31 15:11:53.686] [SSE] chunk #380  | 226B raw | buf 0→226→0 | 1 event(s)
[2026-05-31 15:11:53.686] [SSE] event: 218B JSON → content from delta.content (3 chars)
[2026-05-31 15:11:53.686] [Stream] chunk #382 +20477ms: 3 chars (total=2406)
[2026-05-31 15:11:53.743] [SSE] chunk #381  | 230B raw | buf 0→230→0 | 1 event(s)
[2026-05-31 15:11:53.743] [SSE] event: 222B JSON → content from delta.content (7 chars)
[2026-05-31 15:11:53.744] [Stream] chunk #383 +20534ms: 7 chars (total=2413)
[2026-05-31 15:11:53.803] [SSE] chunk #382  | 229B raw | buf 0→229→0 | 1 event(s)
[2026-05-31 15:11:53.803] [SSE] event: 221B JSON → content from delta.content (6 chars)
[2026-05-31 15:11:53.803] [Stream] chunk #384 +20594ms: 6 chars (total=2419)
[2026-05-31 15:11:53.862] [SSE] chunk #383  | 229B raw | buf 0→229→0 | 1 event(s)
[2026-05-31 15:11:53.862] [SSE] event: 221B JSON → content from delta.content (6 chars)
[2026-05-31 15:11:53.862] [Stream] chunk #385 +20652ms: 6 chars (total=2425)
[2026-05-31 15:11:53.921] [SSE] chunk #384  | 233B raw | buf 0→233→0 | 1 event(s)
[2026-05-31 15:11:53.922] [SSE] event: 225B JSON → content from delta.content (10 chars)
[2026-05-31 15:11:53.922] [Stream] chunk #386 +20712ms: 10 chars (total=2435)
[2026-05-31 15:11:53.981] [SSE] chunk #385  | 230B raw | buf 0→230→0 | 1 event(s)
[2026-05-31 15:11:53.981] [SSE] event: 222B JSON → content from delta.content (5 chars)
[2026-05-31 15:11:53.981] [Stream] chunk #387 +20771ms: 5 chars (total=2440)
[2026-05-31 15:11:54.039] [SSE] chunk #386  | 227B raw | buf 0→227→0 | 1 event(s)
[2026-05-31 15:11:54.039] [SSE] event: 219B JSON → content from delta.content (4 chars)
[2026-05-31 15:11:54.039] [Stream] chunk #388 +20829ms: 4 chars (total=2444)
[2026-05-31 15:11:54.100] [SSE] chunk #387  | 235B raw | buf 0→235→0 | 1 event(s)
[2026-05-31 15:11:54.100] [SSE] event: 227B JSON → content from delta.content (12 chars)
[2026-05-31 15:11:54.100] [Stream] chunk #389 +20891ms: 12 chars (total=2456)
[2026-05-31 15:11:54.159] [SSE] chunk #388  | 227B raw | buf 0→227→0 | 1 event(s)
[2026-05-31 15:11:54.159] [SSE] event: 219B JSON → content from delta.content (4 chars)
[2026-05-31 15:11:54.159] [Stream] chunk #390 +20949ms: 4 chars (total=2460)
[2026-05-31 15:11:54.224] [SSE] chunk #389  | 227B raw | buf 0→227→0 | 1 event(s)
[2026-05-31 15:11:54.225] [SSE] event: 219B JSON → content from delta.content (4 chars)
[2026-05-31 15:11:54.225] [Stream] chunk #391 +21015ms: 4 chars (total=2464)
[2026-05-31 15:11:54.279] [SSE] chunk #390  | 227B raw | buf 0→227→0 | 1 event(s)
[2026-05-31 15:11:54.279] [SSE] event: 219B JSON → content from delta.content (4 chars)
[2026-05-31 15:11:54.279] [Stream] chunk #392 +21069ms: 4 chars (total=2468)
[2026-05-31 15:11:54.336] [SSE] chunk #391  | 229B raw | buf 0→229→0 | 1 event(s)
[2026-05-31 15:11:54.336] [SSE] event: 221B JSON → content from delta.content (6 chars)
[2026-05-31 15:11:54.336] [Stream] chunk #393 +21126ms: 6 chars (total=2474)
[2026-05-31 15:11:54.394] [SSE] chunk #392  | 229B raw | buf 0→229→0 | 1 event(s)
[2026-05-31 15:11:54.394] [SSE] event: 221B JSON → content from delta.content (6 chars)
[2026-05-31 15:11:54.394] [Stream] chunk #394 +21185ms: 6 chars (total=2480)
[2026-05-31 15:11:54.455] [SSE] chunk #393  | 232B raw | buf 0→232→0 | 1 event(s)
[2026-05-31 15:11:54.455] [SSE] event: 224B JSON → content from delta.content (9 chars)
[2026-05-31 15:11:54.455] [Stream] chunk #395 +21245ms: 9 chars (total=2489)
[2026-05-31 15:11:54.515] [SSE] chunk #394  | 233B raw | buf 0→233→0 | 1 event(s)
[2026-05-31 15:11:54.515] [SSE] event: 225B JSON → content from delta.content (10 chars)
[2026-05-31 15:11:54.515] [Stream] chunk #396 +21305ms: 10 chars (total=2499)
[2026-05-31 15:11:54.572] [SSE] chunk #395  | 231B raw | buf 0→231→0 | 1 event(s)
[2026-05-31 15:11:54.572] [SSE] event: 223B JSON → content from delta.content (8 chars)
[2026-05-31 15:11:54.572] [Stream] chunk #397 +21363ms: 8 chars (total=2507)
[2026-05-31 15:11:54.641] [SSE] chunk #396  | 229B raw | buf 0→229→0 | 1 event(s)
[2026-05-31 15:11:54.641] [SSE] event: 221B JSON → content from delta.content (6 chars)
[2026-05-31 15:11:54.641] [Stream] chunk #398 +21431ms: 6 chars (total=2513)
[2026-05-31 15:11:54.692] [SSE] chunk #397  | 227B raw | buf 0→227→0 | 1 event(s)
[2026-05-31 15:11:54.692] [SSE] event: 219B JSON → content from delta.content (4 chars)
[2026-05-31 15:11:54.692] [Stream] chunk #399 +21482ms: 4 chars (total=2517)
[2026-05-31 15:11:54.752] [SSE] chunk #398  | 229B raw | buf 0→229→0 | 1 event(s)
[2026-05-31 15:11:54.752] [SSE] event: 221B JSON → content from delta.content (6 chars)
[2026-05-31 15:11:54.752] [Stream] chunk #400 +21542ms: 6 chars (total=2523)
[2026-05-31 15:11:54.811] [SSE] chunk #399  | 236B raw | buf 0→236→0 | 1 event(s)
[2026-05-31 15:11:54.811] [SSE] event: 228B JSON → content from delta.content (13 chars)
[2026-05-31 15:11:54.812] [Stream] chunk #401 +21602ms: 13 chars (total=2536)
[2026-05-31 15:11:54.870] [SSE] chunk #400  | 227B raw | buf 0→227→0 | 1 event(s)
[2026-05-31 15:11:54.870] [SSE] event: 219B JSON → content from delta.content (4 chars)
[2026-05-31 15:11:54.870] [Stream] chunk #402 +21660ms: 4 chars (total=2540)
[2026-05-31 15:11:54.928] [SSE] chunk #401  | 230B raw | buf 0→230→0 | 1 event(s)
[2026-05-31 15:11:54.928] [SSE] event: 222B JSON → content from delta.content (7 chars)
[2026-05-31 15:11:54.928] [Stream] chunk #403 +21719ms: 7 chars (total=2547)
[2026-05-31 15:11:54.987] [SSE] chunk #402  | 229B raw | buf 0→229→0 | 1 event(s)
[2026-05-31 15:11:54.987] [SSE] event: 221B JSON → content from delta.content (6 chars)
[2026-05-31 15:11:54.987] [Stream] chunk #404 +21777ms: 6 chars (total=2553)
[2026-05-31 15:11:55.049] [SSE] chunk #403  | 227B raw | buf 0→227→0 | 1 event(s)
[2026-05-31 15:11:55.050] [SSE] event: 219B JSON → content from delta.content (4 chars)
[2026-05-31 15:11:55.050] [Stream] chunk #405 +21840ms: 4 chars (total=2557)
[2026-05-31 15:11:55.106] [SSE] chunk #404  | 238B raw | buf 0→238→0 | 1 event(s)
[2026-05-31 15:11:55.106] [SSE] event: 230B JSON → content from delta.content (15 chars)
[2026-05-31 15:11:55.106] [Stream] chunk #406 +21897ms: 15 chars (total=2572)
[2026-05-31 15:11:55.171] [SSE] chunk #405  | 231B raw | buf 0→231→0 | 1 event(s)
[2026-05-31 15:11:55.171] [SSE] event: 223B JSON → content from delta.content (8 chars)
[2026-05-31 15:11:55.171] [Stream] chunk #407 +21962ms: 8 chars (total=2580)
[2026-05-31 15:11:55.224] [SSE] chunk #406  | 233B raw | buf 0→233→0 | 1 event(s)
[2026-05-31 15:11:55.224] [SSE] event: 225B JSON → content from delta.content (10 chars)
[2026-05-31 15:11:55.224] [Stream] chunk #408 +22014ms: 10 chars (total=2590)
[2026-05-31 15:11:55.285] [SSE] chunk #407  | 226B raw | buf 0→226→0 | 1 event(s)
[2026-05-31 15:11:55.285] [SSE] event: 218B JSON → content from delta.content (3 chars)
[2026-05-31 15:11:55.285] [Stream] chunk #409 +22075ms: 3 chars (total=2593)
[2026-05-31 15:11:55.343] [SSE] chunk #408  | 227B raw | buf 0→227→0 | 1 event(s)
[2026-05-31 15:11:55.343] [SSE] event: 219B JSON → content from delta.content (4 chars)
[2026-05-31 15:11:55.343] [Stream] chunk #410 +22133ms: 4 chars (total=2597)
[2026-05-31 15:11:55.405] [SSE] chunk #409  | 229B raw | buf 0→229→0 | 1 event(s)
[2026-05-31 15:11:55.405] [SSE] event: 221B JSON → content from delta.content (6 chars)
[2026-05-31 15:11:55.405] [Stream] chunk #411 +22195ms: 6 chars (total=2603)
[2026-05-31 15:11:55.460] [SSE] chunk #410  | 231B raw | buf 0→231→0 | 1 event(s)
[2026-05-31 15:11:55.460] [SSE] event: 223B JSON → content from delta.content (8 chars)
[2026-05-31 15:11:55.460] [Stream] chunk #412 +22251ms: 8 chars (total=2611)
[2026-05-31 15:11:55.534] [SSE] chunk #411  | 231B raw | buf 0→231→0 | 1 event(s)
[2026-05-31 15:11:55.535] [SSE] event: 223B JSON → content from delta.content (8 chars)
[2026-05-31 15:11:55.535] [Stream] chunk #413 +22325ms: 8 chars (total=2619)
[2026-05-31 15:11:55.593] [SSE] chunk #412  | 228B raw | buf 0→228→0 | 1 event(s)
[2026-05-31 15:11:55.593] [SSE] event: 220B JSON → content from delta.content (5 chars)
[2026-05-31 15:11:55.593] [Stream] chunk #414 +22384ms: 5 chars (total=2624)
[2026-05-31 15:11:55.652] [SSE] chunk #413  | 232B raw | buf 0→232→0 | 1 event(s)
[2026-05-31 15:11:55.652] [SSE] event: 224B JSON → content from delta.content (9 chars)
[2026-05-31 15:11:55.652] [Stream] chunk #415 +22443ms: 9 chars (total=2633)
[2026-05-31 15:11:55.712] [SSE] chunk #414  | 227B raw | buf 0→227→0 | 1 event(s)
[2026-05-31 15:11:55.712] [SSE] event: 219B JSON → content from delta.content (4 chars)
[2026-05-31 15:11:55.712] [Stream] chunk #416 +22503ms: 4 chars (total=2637)
[2026-05-31 15:11:55.774] [SSE] chunk #415  | 227B raw | buf 0→227→0 | 1 event(s)
[2026-05-31 15:11:55.774] [SSE] event: 219B JSON → content from delta.content (4 chars)
[2026-05-31 15:11:55.774] [Stream] chunk #417 +22564ms: 4 chars (total=2641)
[2026-05-31 15:11:55.831] [SSE] chunk #416  | 230B raw | buf 0→230→0 | 1 event(s)
[2026-05-31 15:11:55.831] [SSE] event: 222B JSON → content from delta.content (7 chars)
[2026-05-31 15:11:55.831] [Stream] chunk #418 +22621ms: 7 chars (total=2648)
[2026-05-31 15:11:55.891] [SSE] chunk #417  | 229B raw | buf 0→229→0 | 1 event(s)
[2026-05-31 15:11:55.891] [SSE] event: 221B JSON → content from delta.content (6 chars)
[2026-05-31 15:11:55.891] [Stream] chunk #419 +22682ms: 6 chars (total=2654)
[2026-05-31 15:11:55.950] [SSE] chunk #418  | 227B raw | buf 0→227→0 | 1 event(s)
[2026-05-31 15:11:55.950] [SSE] event: 219B JSON → content from delta.content (4 chars)
[2026-05-31 15:11:55.950] [Stream] chunk #420 +22740ms: 4 chars (total=2658)
[2026-05-31 15:11:56.012] [SSE] chunk #419  | 228B raw | buf 0→228→0 | 1 event(s)
[2026-05-31 15:11:56.012] [SSE] event: 220B JSON → content from delta.content (5 chars)
[2026-05-31 15:11:56.012] [Stream] chunk #421 +22802ms: 5 chars (total=2663)
[2026-05-31 15:11:56.071] [SSE] chunk #420  | 227B raw | buf 0→227→0 | 1 event(s)
[2026-05-31 15:11:56.072] [SSE] event: 219B JSON → content from delta.content (4 chars)
[2026-05-31 15:11:56.072] [Stream] chunk #422 +22862ms: 4 chars (total=2667)
[2026-05-31 15:11:56.129] [SSE] chunk #421  | 225B raw | buf 0→225→0 | 1 event(s)
[2026-05-31 15:11:56.129] [SSE] event: 217B JSON → content from delta.content (2 chars)
[2026-05-31 15:11:56.129] [Stream] chunk #423 +22919ms: 2 chars (total=2669)
[2026-05-31 15:11:56.189] [SSE] chunk #422  | 233B raw | buf 0→233→0 | 1 event(s)
[2026-05-31 15:11:56.189] [SSE] event: 225B JSON → content from delta.content (10 chars)
[2026-05-31 15:11:56.190] [Stream] chunk #424 +22980ms: 10 chars (total=2679)
[2026-05-31 15:11:56.246] [SSE] chunk #423  | 233B raw | buf 0→233→0 | 1 event(s)
[2026-05-31 15:11:56.247] [SSE] event: 225B JSON → content from delta.content (10 chars)
[2026-05-31 15:11:56.247] [Stream] chunk #425 +23037ms: 10 chars (total=2689)
[2026-05-31 15:11:56.307] [SSE] chunk #424  | 230B raw | buf 0→230→0 | 1 event(s)
[2026-05-31 15:11:56.307] [SSE] event: 222B JSON → content from delta.content (7 chars)
[2026-05-31 15:11:56.307] [Stream] chunk #426 +23097ms: 7 chars (total=2696)
[2026-05-31 15:11:56.366] [SSE] chunk #425  | 224B raw | buf 0→224→0 | 1 event(s)
[2026-05-31 15:11:56.366] [SSE] event: 216B JSON → content from delta.content (1 chars)
[2026-05-31 15:11:56.366] [Stream] chunk #427 +23156ms: 1 chars (total=2697)
[2026-05-31 15:11:56.428] [SSE] chunk #426  | 235B raw | buf 0→235→0 | 1 event(s)
[2026-05-31 15:11:56.428] [SSE] event: 227B JSON → content from delta.content (12 chars)
[2026-05-31 15:11:56.428] [Stream] chunk #428 +23219ms: 12 chars (total=2709)
[2026-05-31 15:11:56.485] [SSE] chunk #427  | 228B raw | buf 0→228→0 | 1 event(s)
[2026-05-31 15:11:56.485] [SSE] event: 220B JSON → content from delta.content (5 chars)
[2026-05-31 15:11:56.485] [Stream] chunk #429 +23275ms: 5 chars (total=2714)
[2026-05-31 15:11:56.544] [SSE] chunk #428  | 227B raw | buf 0→227→0 | 1 event(s)
[2026-05-31 15:11:56.544] [SSE] event: 219B JSON → content from delta.content (4 chars)
[2026-05-31 15:11:56.544] [Stream] chunk #430 +23335ms: 4 chars (total=2718)
[2026-05-31 15:11:56.605] [SSE] chunk #429  | 227B raw | buf 0→227→0 | 1 event(s)
[2026-05-31 15:11:56.605] [SSE] event: 219B JSON → content from delta.content (4 chars)
[2026-05-31 15:11:56.605] [Stream] chunk #431 +23395ms: 4 chars (total=2722)
[2026-05-31 15:11:56.663] [SSE] chunk #430  | 228B raw | buf 0→228→0 | 1 event(s)
[2026-05-31 15:11:56.663] [SSE] event: 220B JSON → content from delta.content (5 chars)
[2026-05-31 15:11:56.663] [Stream] chunk #432 +23454ms: 5 chars (total=2727)
[2026-05-31 15:11:56.723] [SSE] chunk #431  | 226B raw | buf 0→226→0 | 1 event(s)
[2026-05-31 15:11:56.723] [SSE] event: 218B JSON → content from delta.content (3 chars)
[2026-05-31 15:11:56.723] [Stream] chunk #433 +23514ms: 3 chars (total=2730)
[2026-05-31 15:11:56.783] [SSE] chunk #432  | 233B raw | buf 0→233→0 | 1 event(s)
[2026-05-31 15:11:56.784] [SSE] event: 225B JSON → content from delta.content (10 chars)
[2026-05-31 15:11:56.784] [Stream] chunk #434 +23574ms: 10 chars (total=2740)
[2026-05-31 15:11:56.841] [SSE] chunk #433  | 229B raw | buf 0→229→0 | 1 event(s)
[2026-05-31 15:11:56.841] [SSE] event: 221B JSON → content from delta.content (6 chars)
[2026-05-31 15:11:56.841] [Stream] chunk #435 +23631ms: 6 chars (total=2746)
[2026-05-31 15:11:56.901] [SSE] chunk #434  | 227B raw | buf 0→227→0 | 1 event(s)
[2026-05-31 15:11:56.901] [SSE] event: 219B JSON → content from delta.content (4 chars)
[2026-05-31 15:11:56.901] [Stream] chunk #436 +23691ms: 4 chars (total=2750)
[2026-05-31 15:11:56.960] [SSE] chunk #435  | 227B raw | buf 0→227→0 | 1 event(s)
[2026-05-31 15:11:56.960] [SSE] event: 219B JSON → content from delta.content (4 chars)
[2026-05-31 15:11:56.960] [Stream] chunk #437 +23750ms: 4 chars (total=2754)
[2026-05-31 15:11:57.024] [SSE] chunk #436  | 228B raw | buf 0→228→0 | 1 event(s)
[2026-05-31 15:11:57.024] [SSE] event: 220B JSON → content from delta.content (5 chars)
[2026-05-31 15:11:57.024] [Stream] chunk #438 +23814ms: 5 chars (total=2759)
[2026-05-31 15:11:57.082] [SSE] chunk #437  | 238B raw | buf 0→238→0 | 1 event(s)
[2026-05-31 15:11:57.082] [SSE] event: 230B JSON → content from delta.content (15 chars)
[2026-05-31 15:11:57.082] [Stream] chunk #439 +23873ms: 15 chars (total=2774)
[2026-05-31 15:11:57.143] [SSE] chunk #438  | 234B raw | buf 0→234→0 | 1 event(s)
[2026-05-31 15:11:57.143] [SSE] event: 226B JSON → content from delta.content (11 chars)
[2026-05-31 15:11:57.143] [Stream] chunk #440 +23933ms: 11 chars (total=2785)
[2026-05-31 15:11:57.202] [SSE] chunk #439  | 227B raw | buf 0→227→0 | 1 event(s)
[2026-05-31 15:11:57.202] [SSE] event: 219B JSON → content from delta.content (4 chars)
[2026-05-31 15:11:57.202] [Stream] chunk #441 +23993ms: 4 chars (total=2789)
[2026-05-31 15:11:57.260] [SSE] chunk #440  | 234B raw | buf 0→234→0 | 1 event(s)
[2026-05-31 15:11:57.260] [SSE] event: 226B JSON → content from delta.content (9 chars)
[2026-05-31 15:11:57.261] [Stream] chunk #442 +24051ms: 9 chars (total=2798)
[2026-05-31 15:11:57.321] [SSE] chunk #441  | 233B raw | buf 0→233→0 | 1 event(s)
[2026-05-31 15:11:57.321] [SSE] event: 225B JSON → content from delta.content (10 chars)
[2026-05-31 15:11:57.321] [Stream] chunk #443 +24112ms: 10 chars (total=2808)
[2026-05-31 15:11:57.381] [SSE] chunk #442  | 228B raw | buf 0→228→0 | 1 event(s)
[2026-05-31 15:11:57.381] [SSE] event: 220B JSON → content from delta.content (5 chars)
[2026-05-31 15:11:57.382] [Stream] chunk #444 +24172ms: 5 chars (total=2813)
[2026-05-31 15:11:57.438] [SSE] chunk #443  | 227B raw | buf 0→227→0 | 1 event(s)
[2026-05-31 15:11:57.439] [SSE] event: 219B JSON → content from delta.content (4 chars)
[2026-05-31 15:11:57.439] [Stream] chunk #445 +24229ms: 4 chars (total=2817)
[2026-05-31 15:11:57.503] [SSE] chunk #444  | 449B raw | buf 0→449→0 | 2 event(s)
[2026-05-31 15:11:57.503] [SSE] event: 216B JSON → content from delta.content (1 chars)
[2026-05-31 15:11:57.504] [Stream] chunk #446 +24294ms: 1 chars (total=2818)
[2026-05-31 15:11:57.504] [SSE] event: 217B JSON → ⚠ empty content | finish=stop, usage=false, delta.content=true
[2026-05-31 15:11:57.504] [Stream] chunk #447 +24294ms: skipped (get_content returned None)
[2026-05-31 15:11:57.727] [SSE] chunk #445  | 14B raw | buf 0→14 | ⚠ no \n\n, buffering 14B
[2026-05-31 15:11:57.727] [Stream] ended normally: 447 chunks total (24.517653809s), 446 with content (2818 chars), 1 skipped
[2026-05-31 15:11:57.727] [Translation] streaming response: 2818 chars
[2026-05-31 15:11:57.727] [Stream] translation finished in 29.4s
Closing without copying
